name;frameTime;F0final_sma;voicingFinalUnclipped_sma;jitterLocal_sma;jitterDDP_sma;shimmerLocal_sma;logHNR_sma;audspec_lengthL1norm_sma;audspecRasta_lengthL1norm_sma;pcm_RMSenergy_sma;pcm_zcr_sma;audSpec_Rfilt_sma[0];audSpec_Rfilt_sma[1];audSpec_Rfilt_sma[2];audSpec_Rfilt_sma[3];audSpec_Rfilt_sma[4];audSpec_Rfilt_sma[5];audSpec_Rfilt_sma[6];audSpec_Rfilt_sma[7];audSpec_Rfilt_sma[8];audSpec_Rfilt_sma[9];audSpec_Rfilt_sma[10];audSpec_Rfilt_sma[11];audSpec_Rfilt_sma[12];audSpec_Rfilt_sma[13];audSpec_Rfilt_sma[14];audSpec_Rfilt_sma[15];audSpec_Rfilt_sma[16];audSpec_Rfilt_sma[17];audSpec_Rfilt_sma[18];audSpec_Rfilt_sma[19];audSpec_Rfilt_sma[20];audSpec_Rfilt_sma[21];audSpec_Rfilt_sma[22];audSpec_Rfilt_sma[23];audSpec_Rfilt_sma[24];audSpec_Rfilt_sma[25];pcm_fftMag_fband250-650_sma;pcm_fftMag_fband1000-4000_sma;pcm_fftMag_spectralRollOff25.0_sma;pcm_fftMag_spectralRollOff50.0_sma;pcm_fftMag_spectralRollOff75.0_sma;pcm_fftMag_spectralRollOff90.0_sma;pcm_fftMag_spectralFlux_sma;pcm_fftMag_spectralCentroid_sma;pcm_fftMag_spectralEntropy_sma;pcm_fftMag_spectralVariance_sma;pcm_fftMag_spectralSkewness_sma;pcm_fftMag_spectralKurtosis_sma;pcm_fftMag_spectralSlope_sma;pcm_fftMag_psySharpness_sma;pcm_fftMag_spectralHarmonicity_sma;mfcc_sma[1];mfcc_sma[2];mfcc_sma[3];mfcc_sma[4];mfcc_sma[5];mfcc_sma[6];mfcc_sma[7];mfcc_sma[8];mfcc_sma[9];mfcc_sma[10];mfcc_sma[11];mfcc_sma[12];mfcc_sma[13];mfcc_sma[14];F0final_sma_de;voicingFinalUnclipped_sma_de;jitterLocal_sma_de;jitterDDP_sma_de;shimmerLocal_sma_de;logHNR_sma_de;audspec_lengthL1norm_sma_de;audspecRasta_lengthL1norm_sma_de;pcm_RMSenergy_sma_de;pcm_zcr_sma_de;audSpec_Rfilt_sma_de[0];audSpec_Rfilt_sma_de[1];audSpec_Rfilt_sma_de[2];audSpec_Rfilt_sma_de[3];audSpec_Rfilt_sma_de[4];audSpec_Rfilt_sma_de[5];audSpec_Rfilt_sma_de[6];audSpec_Rfilt_sma_de[7];audSpec_Rfilt_sma_de[8];audSpec_Rfilt_sma_de[9];audSpec_Rfilt_sma_de[10];audSpec_Rfilt_sma_de[11];audSpec_Rfilt_sma_de[12];audSpec_Rfilt_sma_de[13];audSpec_Rfilt_sma_de[14];audSpec_Rfilt_sma_de[15];audSpec_Rfilt_sma_de[16];audSpec_Rfilt_sma_de[17];audSpec_Rfilt_sma_de[18];audSpec_Rfilt_sma_de[19];audSpec_Rfilt_sma_de[20];audSpec_Rfilt_sma_de[21];audSpec_Rfilt_sma_de[22];audSpec_Rfilt_sma_de[23];audSpec_Rfilt_sma_de[24];audSpec_Rfilt_sma_de[25];pcm_fftMag_fband250-650_sma_de;pcm_fftMag_fband1000-4000_sma_de;pcm_fftMag_spectralRollOff25.0_sma_de;pcm_fftMag_spectralRollOff50.0_sma_de;pcm_fftMag_spectralRollOff75.0_sma_de;pcm_fftMag_spectralRollOff90.0_sma_de;pcm_fftMag_spectralFlux_sma_de;pcm_fftMag_spectralCentroid_sma_de;pcm_fftMag_spectralEntropy_sma_de;pcm_fftMag_spectralVariance_sma_de;pcm_fftMag_spectralSkewness_sma_de;pcm_fftMag_spectralKurtosis_sma_de;pcm_fftMag_spectralSlope_sma_de;pcm_fftMag_psySharpness_sma_de;pcm_fftMag_spectralHarmonicity_sma_de;mfcc_sma_de[1];mfcc_sma_de[2];mfcc_sma_de[3];mfcc_sma_de[4];mfcc_sma_de[5];mfcc_sma_de[6];mfcc_sma_de[7];mfcc_sma_de[8];mfcc_sma_de[9];mfcc_sma_de[10];mfcc_sma_de[11];mfcc_sma_de[12];mfcc_sma_de[13];mfcc_sma_de[14]
'unknown';0.000000;6.820010e+01;7.585289e-01;0;0;7.129001e-01;7.791100e+00;3.612784e-01;9.883412e-01;1.337982e-02;2.418745e-02;1.292162e-01;2.720484e-01;4.195279e-01;5.544473e-01;6.697289e-01;7.658961e-01;8.470284e-01;9.178292e-01;9.822495e-01;1.043099e+00;1.102099e+00;1.160070e+00;1.217131e+00;1.272837e+00;1.326212e+00;1.375581e+00;1.418056e+00;1.448481e+00;1.457878e+00;1.432704e+00;1.358746e+00;1.232340e+00;1.069155e+00;8.959276e-01;7.342484e-01;5.943311e-01;6.501323e-03;5.983771e-04;4.306641e+01;7.177734e+01;8.613281e+01;3.445312e+02;2.721816e-02;1.655471e+02;2.215627e+00;4.185542e+05;2.035002e+01;5.323647e+02;-7.803970e-03;1.531311e-01;3.337991e-03;2.399229e+01;1.117006e+01;1.040023e+01;-3.286222e+00;7.967474e+00;-5.424974e+00;1.297285e+01;3.390199e+00;1.189449e+01;1.564776e+01;1.735887e+01;1.795461e+01;1.636861e+00;1.230766e+01;-8.724940e-01;-3.297922e-03;0;0;-2.251622e-02;-1.814054e-02;4.847134e-02;0;2.708155e-03;-4.031247e-04;0;0;0;0;0;0;0;0;0;0;0;0;0;0;0;0;0;0;0;0;0;0;0;0;0;0;5.236843e-03;6.152791e-03;0;0;8.756836e+01;9.474609e+01;5.172161e-02;2.465493e+01;6.548004e-02;-1.697357e+04;-1.461321e-01;4.319461e+01;-5.205078e-03;2.039490e-02;3.816324e-03;2.747211e-01;-1.296968e+00;-5.533222e-01;1.940263e+00;1.263515e+00;-2.163877e+00;-1.390037e+00;2.359301e+00;2.696020e+00;1.442531e+00;2.199934e+00;3.968700e-01;1.910399e+00;-3.376585e+00
'unknown';0.010000;6.666048e+01;7.464806e-01;0;0;6.003190e-01;7.713703e+00;3.960848e-01;9.883412e-01;1.821704e-02;2.292769e-02;1.292162e-01;2.720484e-01;4.195279e-01;5.544473e-01;6.697289e-01;7.658961e-01;8.470284e-01;9.178292e-01;9.822495e-01;1.043099e+00;1.102099e+00;1.160070e+00;1.217131e+00;1.272837e+00;1.326212e+00;1.375581e+00;1.418056e+00;1.448481e+00;1.457878e+00;1.432704e+00;1.358746e+00;1.232340e+00;1.069155e+00;8.959276e-01;7.342484e-01;5.943311e-01;1.898886e-02;6.895966e-04;4.306641e+01;7.177734e+01;1.004883e+02;3.732422e+02;1.278105e-01;1.596550e+02;2.152230e+00;3.036990e+05;2.306204e+01;7.680609e+02;-1.746705e-02;1.522887e-01;8.081808e-03;2.454055e+01;1.203169e+01;1.141285e+01;-2.945975e+00;8.070615e+00;-8.110320e+00;1.121833e+01;1.078052e+01;1.663571e+01;2.248663e+01;2.515858e+01;1.916328e+01;3.446436e+00;4.598509e+00;-6.364447e-01;-2.360724e-03;0;0;-1.956940e-02;-3.362566e-02;1.070367e-01;0;3.870517e-03;-3.401361e-04;0;0;0;0;0;0;0;0;0;0;0;0;0;0;0;0;0;0;0;0;0;0;0;0;0;0;7.201731e-03;1.628512e-02;2.871094e+00;3.445312e+01;2.354297e+02;2.354297e+02;7.321244e-02;8.823923e+01;2.513119e-01;5.089352e+04;-1.771301e+00;-9.032537e+00;-7.897023e-03;6.998073e-02;7.766673e-03;3.436232e-01;-3.488947e+00;-2.104209e+00;4.353304e+00;2.494754e+00;-5.099819e+00;-1.816099e+00;2.591721e+00;5.998820e+00;-1.079041e+00;2.150674e+00;1.588345e-01;3.150676e+00;-3.970296e+00
'unknown';0.020000;6.242621e+01;7.315739e-01;2.294039e-01;0;4.877379e-01;7.557690e+00;5.862319e-01;9.883412e-01;2.450198e-02;2.280171e-02;1.292162e-01;2.720484e-01;4.195279e-01;5.544473e-01;6.697289e-01;7.658961e-01;8.470284e-01;9.178292e-01;9.822495e-01;1.043099e+00;1.102099e+00;1.160070e+00;1.217131e+00;1.272837e+00;1.326212e+00;1.375581e+00;1.418056e+00;1.448481e+00;1.457878e+00;1.432704e+00;1.358746e+00;1.232340e+00;1.069155e+00;8.959276e-01;7.342484e-01;5.943311e-01;2.644177e-02;3.131672e-02;4.306641e+01;7.177734e+01;5.167969e+02;8.039062e+02;2.355301e-01;2.917677e+02;2.574726e+00;3.911139e+05;1.826334e+01;6.304897e+02;-2.899782e-02;2.555268e-01;2.004770e-02;2.509176e+01;4.254411e+00;7.127300e+00;6.244972e+00;1.423348e+01;-1.490169e+01;6.899931e+00;1.149155e+01;2.300397e+01;1.944098e+01;2.445868e+01;1.933463e+01;1.028407e+01;-7.206915e-01;1.612571e+00;-6.276736e-04;0;0;-1.308592e-02;-6.359703e-02;1.349143e-01;1.301547e-02;3.719232e-03;2.519544e-05;3.885627e-05;1.127565e-03;8.398712e-03;8.499503e-03;4.735327e-03;2.342033e-03;1.182094e-02;1.037937e-02;7.870793e-03;9.823775e-03;1.953757e-02;3.662581e-02;5.148544e-02;3.868532e-02;1.217058e-02;6.252146e-03;1.342087e-02;1.316576e-02;1.082480e-02;8.733368e-03;2.158999e-03;8.541321e-03;1.869509e-02;2.504483e-02;6.538820e-03;1.484489e-03;6.050423e-03;2.027384e-02;4.306641e+00;5.167969e+01;3.014648e+02;2.842383e+02;6.825663e-02;1.242235e+02;4.016919e-01;1.302796e+05;-3.796015e+00;-1.215668e+02;-6.572689e-03;9.755301e-02;8.756141e-03;2.057947e-01;-4.680603e+00;-3.260383e+00;5.801431e+00;3.036401e+00;-6.817838e+00;-2.163886e+00;9.060726e-01;6.658283e+00;-6.270570e+00;-7.442440e-01;-7.633980e-01;3.471629e+00;-3.139440e+00
'unknown';0.030000;5.994927e+01;7.247920e-01;0;2.294039e-01;3.851697e-01;7.067163e+00;7.839853e-01;9.883412e-01;2.717132e-02;2.317964e-02;1.292162e-01;2.720484e-01;4.195279e-01;5.544473e-01;6.697289e-01;7.658961e-01;8.470284e-01;9.178292e-01;9.822495e-01;1.043099e+00;1.102099e+00;1.160070e+00;1.217131e+00;1.272837e+00;1.326212e+00;1.375581e+00;1.418056e+00;1.448481e+00;1.457878e+00;1.432704e+00;1.358746e+00;1.232340e+00;1.069155e+00;8.959276e-01;7.342484e-01;5.943311e-01;3.253976e-02;6.666480e-02;5.742188e+01;2.440430e+02;1.047949e+03;1.291992e+03;2.891244e-01;5.436329e+02;3.292638e+00;6.867419e+05;1.253685e+01;4.381396e+02;-3.669216e-02;4.518369e-01;3.381650e-02;2.516067e+01;-2.816844e+00;1.515644e+00;1.371470e+01;1.730824e+01;-2.618571e+01;6.928819e+00;1.229813e+01;3.633384e+01;8.355943e+00;2.456233e+01;1.805877e+01;1.306664e+01;-1.029645e+00;3.563869e+00;1.176944e-03;-5.480541e-04;0;-7.232467e-03;-1.395363e-01;1.139870e-01;3.844678e-02;3.030886e-03;4.157223e-04;-8.788646e-04;4.848409e-03;4.610101e-02;3.204749e-02;1.575000e-02;1.362062e-02;5.346943e-02;4.359404e-02;2.838839e-02;2.969142e-02;4.830011e-02;1.005443e-01;1.407579e-01;9.350576e-02;3.330795e-02;1.480291e-02;4.000073e-02;3.507340e-02;2.687808e-02;2.369096e-02;1.126012e-02;2.231358e-02;5.311710e-02;6.780051e-02;1.745111e-02;4.180086e-03;3.137482e-02;1.170411e-02;1.579102e+01;6.316406e+01;2.095898e+02;1.622168e+02;5.560004e-02;1.035484e+02;3.968851e-01;1.229000e+05;-3.322046e+00;-1.364398e+02;-5.971397e-03;8.559440e-02;1.923368e-02;7.895867e-01;-2.784849e+00;-3.041537e+00;2.986727e+00;9.536845e-01;-6.308220e+00;-1.613467e+00;-1.103456e+00;3.646264e+00;-9.467151e+00;-4.711877e+00;-3.220195e+00;1.139352e+00;-2.065422e+00
'unknown';0.040000;1.159014e+02;7.505431e-01;1.850115e-01;0;3.951825e-01;5.888474e+00;8.418998e-01;1.053419e+00;2.749883e-02;2.418745e-02;1.294105e-01;2.776862e-01;4.615215e-01;5.969448e-01;6.934056e-01;7.776063e-01;9.061331e-01;9.697261e-01;1.021603e+00;1.092218e+00;1.199787e+00;1.343199e+00;1.474558e+00;1.466263e+00;1.387065e+00;1.406842e+00;1.485161e+00;1.514310e+00;1.512002e+00;1.476371e+00;1.369541e+00;1.275046e+00;1.162630e+00;1.021152e+00;7.669425e-01;6.017535e-01;2.997799e-02;6.897996e-02;5.742188e+01;2.440430e+02;1.119727e+03;1.306348e+03;2.878443e-01;5.946755e+02;3.653883e+00;878431;6.632539e+00;8.949155e+01;-3.105486e-02;4.911221e-01;3.425135e-02;2.471120e+01;-4.808684e+00;-9.530845e-01;1.739059e+01;1.853066e+01;-3.047647e+01;4.298180e+00;7.161756e+00;3.533683e+01;-8.639745e+00;1.393577e+01;1.468987e+01;1.418491e+01;-5.754648e-01;4.676520e+00;2.301254e-03;3.759969e-03;3.634887e-03;-2.824889e-03;-1.472674e-01;6.234411e-02;6.469657e-02;3.576785e-03;3.149411e-04;-2.264063e-03;1.575777e-02;1.298966e-01;7.080703e-02;4.545319e-02;4.991472e-02;1.355409e-01;9.632342e-02;5.519980e-02;4.465850e-02;6.261040e-02;1.417508e-01;1.976277e-01;1.177245e-01;4.275509e-02;1.155262e-02;5.744238e-02;5.314213e-02;4.371915e-02;4.066552e-02;2.679849e-02;3.041297e-02;8.066237e-02;1.013204e-01;2.610913e-02;6.530064e-03;8.485349e-02;-7.010394e-03;2.871094e+01;3.445312e+01;-3.445312e+01;-9.043945e+01;4.972088e-02;8.656769e+00;1.913044e-01;-1.509739e+04;-1.685081e-01;-2.024622e+01;-1.164091e-02;1.921560e-02;4.504121e-02;2.153009e+00;1.664215e+00;-9.892910e-01;-2.176608e+00;-2.087138e+00;-3.632169e+00;-2.194854e+00;-1.538172e+00;-1.084397e+00;-7.629722e+00;-5.761830e+00;-4.900910e+00;-1.975206e+00;-1.948270e+00
'unknown';0.050000;1.735680e+02;7.840738e-01;4.566743e-01;6.147019e-01;3.356006e-01;2.199409e+00;8.381860e-01;1.148036e+00;3.187304e-02;2.431343e-02;1.247247e-01;2.934715e-01;6.290362e-01;6.934360e-01;7.366406e-01;8.281441e-01;1.084823e+00;1.109851e+00;1.104514e+00;1.166997e+00;1.294756e+00;1.571227e+00;1.792207e+00;1.643652e+00;1.462325e+00;1.433965e+00;1.584508e+00;1.590934e+00;1.565206e+00;1.529325e+00;1.409649e+00;1.322554e+00;1.288003e+00;1.172318e+00;8.051569e-01;6.115203e-01;1.740948e-01;4.037854e-02;1.148438e+02;3.014648e+02;8.469727e+02;9.331055e+02;3.796535e-01;5.259432e+02;3.597077e+00;6.745406e+05;1.226721e+01;3.563608e+02;-4.629551e-02;4.624631e-01;9.714839e-02;2.867876e+01;2.638990e+00;2.453615e-01;6.414852e+00;1.069044e+01;-3.186403e+01;4.451870e+00;7.428133e+00;2.870060e+01;-1.080876e+01;6.860645e+00;5.384680e+00;7.192777e+00;-5.801214e+00;3.717310e+00;2.245046e-03;1.903864e-03;6.986853e-03;-1.591565e-03;-1.032168e-01;5.328914e-02;7.385875e-02;5.659304e-03;1.637692e-04;-3.433076e-03;3.754342e-02;2.522699e-01;1.166304e-01;1.062821e-01;1.182594e-01;2.447954e-01;1.586961e-01;7.162976e-02;4.404087e-02;4.126753e-02;1.049801e-01;1.411965e-01;5.495834e-02;1.909722e-02;-1.216277e-02;4.278848e-02;4.677409e-02;4.912561e-02;5.056725e-02;4.745073e-02;1.715085e-02;6.248989e-02;8.121605e-02;2.221201e-02;4.502439e-03;1.574461e-01;-1.688775e-02;4.450195e+01;1.722656e+01;-1.794434e+02;-2.239453e+02;4.475209e-02;-5.767078e+01;-1.477389e-02;-1.668525e+05;2.761374e+00;1.093102e+02;-2.346798e-02;-2.447692e-02;9.075040e-02;3.684553e+00;4.062169e+00;1.354880e-01;-6.215394e+00;-3.811658e+00;-1.169625e+00;-3.036270e+00;-8.683740e-01;-4.110330e+00;-3.372956e+00;-5.599355e+00;-6.227655e+00;-3.266814e+00;-2.590103e+00
'unknown';0.060000;2.300898e+02;8.181463e-01;4.268022e-01;7.431347e-01;3.557411e-01;1.450057e+00;8.708522e-01;1.231976e+00;4.003505e-02;2.380952e-02;1.201416e-01;3.401257e-01;9.642566e-01;8.389881e-01;8.635390e-01;9.843457e-01;1.405836e+00;1.303435e+00;1.197116e+00;1.204443e+00;1.318823e+00;1.663246e+00;1.917731e+00;1.676052e+00;1.471931e+00;1.404152e+00;1.622043e+00;1.642965e+00;1.622809e+00;1.587721e+00;1.467287e+00;1.339297e+00;1.363043e+00;1.264335e+00;8.293398e-01;6.183868e-01;3.799317e-01;9.407877e-03;1.579102e+02;2.153320e+02;4.450195e+02;5.311523e+02;4.388699e-01;3.438964e+02;3.379028e+00;3.217276e+05;1.755562e+01;5.701480e+02;-8.240072e-02;3.462917e-01;2.135878e-01;3.409776e+01;9.847571e+00;2.815987e+00;-9.881437e-01;7.106684e+00;-3.022337e+01;-2.835861e+00;6.235689e+00;2.139861e+01;-9.125280e+00;4.500370e+00;1.167123e+00;3.344970e+00;-8.076258e+00;1.882589e+00;1.548548e-03;-2.201861e-03;4.607697e-04;-1.462957e-03;1.369689e-03;7.976680e-02;6.568763e-02;7.893157e-03;-1.259763e-05;-2.524666e-03;6.424361e-02;3.488536e-01;1.439159e-01;1.974142e-01;2.011935e-01;3.726179e-01;2.350123e-01;6.595621e-02;3.387892e-02;1.621559e-02;1.154970e-02;-1.530459e-02;-7.152095e-02;-2.192830e-02;-4.623556e-02;-7.019770e-03;1.214917e-02;4.754294e-02;4.979919e-02;6.731553e-02;-9.045315e-03;-1.699722e-03;1.225615e-02;7.333511e-03;-4.090101e-03;1.790894e-01;-1.230941e-02;4.593750e+01;3.588867e+01;-1.536035e+02;-1.780078e+02;2.293521e-02;-5.125515e+01;-7.789624e-02;-2.040028e+05;3.075534e+00;1.420347e+02;-3.237339e-02;-1.814681e-02;1.244575e-01;3.969584e+00;3.537330e+00;-4.763406e-01;-6.758290e+00;-2.824295e+00;-5.994585e-01;-2.544664e+00;9.545225e-01;-1.946036e+00;4.382712e-01;-2.846165e+00;-6.500385e+00;-2.749579e+00;-9.314455e-01
'unknown';0.070000;2.277523e+02;8.324283e-01;3.727846e-01;6.870428e-01;2.966640e-01;2.009584e+00;1.035955e+00;1.268356e+00;4.919973e-02;2.418745e-02;1.166852e-01;4.285457e-01;1.429510e+00;1.016578e+00;1.116073e+00;1.253823e+00;1.821154e+00;1.544455e+00;1.252642e+00;1.207191e+00;1.248919e+00;1.524948e+00;1.701527e+00;1.442734e+00;1.379265e+00;1.316112e+00;1.563558e+00;1.618024e+00;1.648102e+00;1.629865e+00;1.547127e+00;1.285969e+00;1.281398e+00;1.180416e+00;8.141098e-01;6.085266e-01;6.447933e-01;1.201208e-02;2.296875e+02;3.445312e+02;4.880859e+02;5.598633e+02;4.373721e-01;3.806685e+02;3.356195e+00;1.308308e+05;2.088218e+01;7.443621e+02;-1.283591e-01;4.018675e-01;3.979003e-01;3.889015e+01;1.016587e+01;3.085483e-01;-8.172896e+00;3.961944e+00;-3.216039e+01;-4.685508e+00;8.419297e+00;2.275130e+01;-8.266068e+00;1.283252e+00;-6.318125e+00;2.152536e+00;-1.022976e+01;5.816641e-01;8.752212e-04;-6.711609e-03;-8.197502e-03;-1.700480e-03;6.934053e-02;1.050712e-01;6.048634e-02;8.834349e-03;-1.259763e-05;8.524895e-04;8.112299e-02;3.461773e-01;1.420869e-01;2.851760e-01;2.515933e-01;4.756283e-01;3.118399e-01;3.418820e-02;3.008192e-02;3.906467e-02;-3.338846e-02;-1.260181e-01;-1.513594e-01;-3.988000e-02;-5.705177e-02;-5.671358e-02;-2.630940e-02;5.109806e-02;5.540031e-02;8.571976e-02;-1.157577e-02;-5.823755e-02;-4.033625e-02;-1.473928e-03;-1.504138e-02;2.103133e-01;-2.311457e-03;4.163086e+01;5.024414e+01;-5.455078e+01;-5.024414e+01;1.001507e-02;-1.148014e+01;-6.204040e-02;-1.337717e+05;9.062718e-01;7.187278e+01;-4.104823e-02;7.561192e-03;1.609075e-01;2.745429e+00;1.577363e+00;-1.329342e+00;-4.502812e+00;-5.016163e-01;-2.246104e+00;-1.425363e+00;1.972242e+00;9.973080e-01;2.041592e+00;-1.595728e+00;-6.210017e+00;-5.174102e-01;1.458022e+00
'unknown';0.080000;2.262383e+02;8.432812e-01;5.521126e-02;3.619011e-01;2.961513e-01;6.097755e+00;1.141849e+00;1.321697e+00;5.830127e-02;2.418745e-02;1.208069e-01;5.313672e-01;1.805553e+00;1.154953e+00;1.490760e+00;1.570734e+00;2.401057e+00;1.927485e+00;1.277321e+00;1.241516e+00;1.303784e+00;1.424088e+00;1.443375e+00;1.209118e+00;1.318953e+00;1.234590e+00;1.460537e+00;1.561511e+00;1.708268e+00;1.675097e+00;1.637380e+00;1.248113e+00;1.157434e+00;1.078383e+00;7.991336e-01;5.827999e-01;6.900758e-01;2.161613e-02;2.296875e+02;4.019531e+02;5.311523e+02;6.029297e+02;3.736611e-01;4.110371e+02;3.384843e+00;1.302719e+05;1.770273e+01;6.056642e+02;-1.518900e-01;4.306859e-01;5.061627e-01;3.945343e+01;9.114526e+00;-3.366381e+00;-9.106984e+00;7.773439e+00;-3.332558e+01;-3.856452e+00;1.143879e+01;2.858130e+01;-7.719736e+00;2.493638e+00;-1.196065e+01;2.957133e+00;-3.018418e+00;-5.677425e-02;4.212171e-04;-5.350871e-03;-9.641971e-03;-2.121344e-03;7.270975e-02;1.010967e-01;6.329510e-02;8.763505e-03;-1.889648e-04;3.409373e-03;7.510859e-02;2.300740e-01;1.099211e-01;3.132249e-01;2.326586e-01;5.386204e-01;3.624350e-01;-1.192837e-02;2.720913e-02;1.053742e-01;7.031798e-03;-1.298706e-01;-1.546257e-01;-1.843626e-02;-3.251042e-02;-7.955774e-02;-5.503192e-02;5.268122e-02;6.922182e-02;1.075517e-01;2.465924e-02;-6.578912e-02;-4.429268e-02;2.913296e-04;-2.175689e-02;1.963536e-01;4.054963e-03;3.158203e+01;5.742188e+01;3.301758e+01;3.732422e+01;3.318806e-02;2.651638e+01;-3.070693e-02;-5.110636e+04;-8.817905e-01;3.048334e+01;-4.173828e-02;3.097784e-02;1.703459e-01;1.210538e+00;5.215815e-01;-1.797959e+00;-3.250678e+00;6.518708e-01;-3.577234e+00;1.238158e-01;2.203512e+00;2.571973e+00;2.853812e+00;-2.495823e+00;-6.700048e+00;3.065540e-01;3.539638e+00
'unknown';0.090000;2.255168e+02;8.489634e-01;3.171340e-02;3.885229e-02;2.021495e-01;6.705603e+00;1.228044e+00;1.405608e+00;6.691168e-02;2.406148e-02;1.286545e-01;6.034657e-01;1.939275e+00;1.245888e+00;1.848910e+00;1.792916e+00;2.965354e+00;2.357025e+00;1.235353e+00;1.298870e+00;1.497599e+00;1.523864e+00;1.399294e+00;1.120322e+00;1.339414e+00;1.233487e+00;1.381693e+00;1.500114e+00;1.777967e+00;1.762639e+00;1.753202e+00;1.310268e+00;1.099619e+00;1.063612e+00;8.128904e-01;5.541069e-01;1.070589e+00;2.271712e-02;2.871094e+02;4.593750e+02;5.311523e+02;6.459961e+02;4.623333e-01;4.349722e+02;3.283968e+00;1.014101e+05;1.672502e+01;6.979666e+02;-2.167920e-01;4.580720e-01;7.553986e-01;3.972807e+01;1.089233e+01;-3.310165e+00;-1.203979e+01;7.848985e+00;-4.154344e+01;-2.164649e+00;1.468779e+01;3.009579e+01;-1.303576e+00;-1.146308e-01;-1.910152e+01;4.799644e+00;-1.040023e+00;-2.069697e-02;2.852432e-04;-3.017325e-03;-6.824602e-03;-1.825777e-03;5.689272e-02;7.365026e-02;6.412186e-02;7.408937e-03;-5.291009e-04;3.809777e-03;4.968359e-02;6.331644e-02;6.873804e-02;2.612462e-01;1.544332e-01;5.184803e-01;3.353557e-01;-5.594863e-02;8.625316e-03;1.668068e-01;8.353461e-02;-6.966688e-02;-1.051753e-01;1.238964e-02;1.061274e-02;-7.704039e-02;-6.113101e-02;4.465010e-02;8.567099e-02;1.240963e-01;8.416818e-02;-2.285647e-02;-9.943652e-03;1.043894e-02;-1.712655e-02;2.163495e-01;2.217568e-03;3.158203e+01;2.727539e+01;1.722656e+01;3.014648e+01;5.876756e-02;1.752121e+01;-5.491009e-02;-1.898707e+04;-1.129804e+00;4.627138e+01;-4.510848e-02;1.921708e-02;1.756271e-01;2.963119e-01;1.156670e+00;-1.038732e+00;-2.638287e+00;5.176183e-01;-3.090444e+00;-2.005978e-01;9.380192e-01;1.744662e+00;3.540209e+00;-3.061143e+00;-5.330606e+00;1.255235e-01;3.801729e+00
'unknown';0.100000;2.254733e+02;8.534747e-01;3.014559e-02;2.107605e-02;1.675292e-01;7.354603e+00;1.280291e+00;1.479826e+00;7.499660e-02;2.292769e-02;1.312038e-01;6.282086e-01;1.859744e+00;1.273939e+00;2.063245e+00;1.878092e+00;3.526838e+00;2.709325e+00;1.146119e+00;1.294649e+00;1.721354e+00;1.698947e+00;1.419494e+00;1.064129e+00;1.399675e+00;1.282912e+00;1.315187e+00;1.426761e+00;1.821283e+00;1.867443e+00;1.902008e+00;1.450444e+00;1.124987e+00;1.101273e+00;8.314062e-01;5.368122e-01;1.148801e+00;2.433017e-02;2.871094e+02;4.450195e+02;5.885742e+02;6.747070e+02;5.923296e-01;4.493264e+02;3.261607e+00;8.090615e+04;1.522525e+01;7.457625e+02;-2.468757e-01;4.730786e-01;8.865683e-01;3.973149e+01;1.209225e+01;-4.364450e+00;-1.530809e+01;8.422518e+00;-4.341801e+01;-3.477212e+00;1.411900e+01;3.058623e+01;1.662535e+00;-7.279804e+00;-2.594142e+01;3.554185e+00;5.027061e+00;1.315634e-04;2.310859e-04;-3.098517e-04;-2.624204e-03;-1.549565e-03;3.694750e-02;3.869824e-02;4.582162e-02;4.519711e-03;-7.432606e-04;1.448870e-04;2.188068e-02;-5.487527e-02;3.990275e-02;1.534532e-01;5.766406e-02;3.633639e-01;1.994568e-01;-7.523129e-02;-1.181108e-02;1.669388e-01;1.060815e-01;-4.449766e-02;-7.565059e-02;1.559312e-02;4.502575e-02;-5.823573e-02;-4.525242e-02;2.321514e-02;7.984586e-02;1.246636e-01;1.196255e-01;2.260386e-02;4.100597e-03;1.681262e-02;-3.457159e-03;1.547351e-01;8.413765e-04;2.153320e+01;8.613281e+00;4.306641e+00;5.742188e+00;6.562205e-02;7.068399e+00;-7.789147e-02;-1.749037e+04;-2.497578e-01;7.235114e+01;-3.014683e-02;8.926046e-03;1.215224e-01;2.900162e-02;1.099529e+00;-4.780311e-01;-2.405970e+00;-7.030773e-03;-8.328140e-01;-2.007193e+00;-2.592831e+00;-9.872910e-01;3.337837e+00;-2.913930e+00;-3.173296e+00;-1.555853e+00;1.796364e+00
'unknown';0.110000;2.257339e+02;8.611329e-01;2.022115e-02;1.461689e-02;1.309271e-01;8.691874e+00;1.334985e+00;1.509901e+00;7.789675e-02;2.217183e-02;1.305356e-01;6.285430e-01;1.718997e+00;1.300775e+00;2.136061e+00;1.872310e+00;3.850665e+00;2.830313e+00;1.038500e+00;1.223751e+00;1.874168e+00;1.805191e+00;1.365133e+00;9.893520e-01;1.400852e+00;1.345015e+00;1.251031e+00;1.379744e+00;1.814845e+00;1.962047e+00;2.035295e+00;1.605644e+00;1.183339e+00;1.119253e+00;8.501682e-01;5.458877e-01;1.497178e+00;2.174290e-02;3.588867e+02;4.593750e+02;5.455078e+02;6.747070e+02;6.218756e-01;4.491299e+02;3.143263e+00;6.057832e+04;1.647190e+01;9.056699e+02;-3.064087e-01;4.767565e-01;1.085833e+00;4.023268e+01;1.446036e+01;-4.386076e+00;-1.826378e+01;6.225496e+00;-4.256639e+01;-5.878117e+00;1.176929e+01;3.047215e+01;4.743841e+00;-9.135745e+00;-2.598077e+01;2.481627e+00;4.756142e+00;9.885396e-03;1.970265e-04;-1.045616e-04;-2.123461e-04;-7.636931e-04;3.746900e-02;2.295482e-03;1.186000e-02;1.118427e-03;-6.550774e-04;-4.936275e-03;4.082155e-03;-9.359904e-02;2.012512e-02;4.042540e-02;-2.245284e-02;7.142524e-02;-1.280522e-03;-5.037098e-02;1.088431e-02;1.250882e-01;6.257381e-02;-8.155445e-02;-7.307339e-02;-4.054964e-03;4.974140e-02;-3.701311e-02;-8.477318e-03;3.670549e-03;3.305401e-02;9.618348e-02;1.119349e-01;4.168323e-02;-1.465353e-02;1.710146e-02;1.185284e-02;6.092959e-02;1.249575e-03;4.306641e+00;-2.871094e+00;-1.291992e+01;-2.583984e+01;1.025558e-03;-5.239325e+00;-9.423085e-02;-9.831174e+03;4.307364e-01;5.921000e+01;-7.763110e-03;-4.069999e-03;3.594720e-02;-2.105396e-01;5.061687e-01;-5.086575e-01;-9.363849e-01;1.087193e+00;1.703314e+00;-3.375720e+00;-6.629386e+00;-3.513778e+00;2.686478e+00;1.193733e-02;6.907835e-01;-3.128580e+00;-5.065345e-01
'unknown';0.120000;2.261470e+02;8.680465e-01;1.881756e-02;1.056655e-02;1.132739e-01;1.040659e+01;1.281870e+00;1.498659e+00;7.540729e-02;2.141597e-02;1.205907e-01;6.282319e-01;1.641316e+00;1.327023e+00;2.114450e+00;1.819358e+00;3.775221e+00;2.688126e+00;9.995909e-01;1.220020e+00;1.950193e+00;1.813831e+00;1.237968e+00;8.963498e-01;1.366199e+00;1.403955e+00;1.234689e+00;1.395434e+00;1.805905e+00;1.974622e+00;2.119652e+00;1.698552e+00;1.228593e+00;1.071066e+00;8.645577e-01;5.696236e-01;1.250457e+00;2.631012e-02;3.014648e+02;4.450195e+02;5.455078e+02;6.172852e+02;6.220002e-01;4.393002e+02;3.065738e+00;6.323588e+04;1.658050e+01;8.635683e+02;-2.578158e-01;4.659739e-01;9.485576e-01;3.934613e+01;1.282815e+01;-5.218581e+00;-1.802484e+01;8.550030e+00;-3.697818e+01;-1.203568e+01;-6.611570e-02;2.345667e+01;5.945741e+00;-7.565457e+00;-2.438751e+01;-3.663123e+00;3.065321e+00;1.201497e-02;1.101543e-04;-3.747762e-05;-6.403567e-05;-3.488511e-04;3.384278e-02;-2.682075e-02;-2.276489e-02;-1.386810e-03;-3.653314e-04;-9.264327e-03;-2.902407e-03;-8.174980e-02;3.493929e-03;-4.141397e-02;-7.506561e-02;-2.929022e-01;-2.014080e-01;6.171608e-03;9.190979e-02;6.650399e-02;-2.747357e-03;-1.226688e-01;-6.232164e-02;-2.121637e-02;3.105729e-02;-1.420356e-02;3.131075e-02;-1.355323e-02;-4.004610e-02;4.977822e-02;8.175837e-02;3.471130e-02;-4.046000e-02;1.332523e-02;2.001520e-02;1.814886e-02;9.135816e-04;-1.435547e+01;-4.306641e+00;-2.871094e+01;-5.311523e+01;-5.603747e-02;-1.340215e+01;-1.301385e-01;-4.516417e+03;1.112513e+00;6.115102e+01;8.387109e-03;-1.248369e-02;-1.696407e-02;-3.877521e-01;3.188324e-02;-4.789777e-01;1.440442e-01;1.701530e+00;1.725492e+00;-3.241347e+00;-8.927598e+00;-5.539037e+00;1.926772e+00;2.201601e+00;3.456845e+00;-3.697372e+00;-3.118756e+00
'unknown';0.130000;2.266233e+02;8.709360e-01;2.158860e-02;1.151192e-02;1.101410e-01;1.111845e+01;1.238732e+00;1.455492e+00;7.229847e-02;2.154195e-02;1.092797e-01;6.238648e-01;1.580494e+00;1.319971e+00;2.025434e+00;1.710019e+00;3.198289e+00;2.361223e+00;1.056762e+00;1.390607e+00;2.008620e+00;1.779291e+00;1.082285e+00;8.388451e-01;1.335876e+00;1.421672e+00;1.236876e+00;1.473391e+00;1.804008e+00;1.874319e+00;2.125297e+00;1.745888e+00;1.256232e+00;1.005448e+00;8.818219e-01;5.969654e-01;1.324409e+00;2.797502e-02;3.014648e+02;4.450195e+02;4.880859e+02;5.455078e+02;4.526258e-01;4.137887e+02;2.910748e+00;6.108932e+04;1.820107e+01;9.351137e+02;-2.501375e-01;4.412744e-01;9.041399e-01;3.886805e+01;1.305522e+01;-5.426387e+00;-1.536334e+01;1.322119e+01;-3.624679e+01;-1.476401e+01;-1.136658e+01;1.609168e+01;9.987210e+00;8.788220e-02;-1.642455e+01;-7.234602e+00;-2.591825e+00;1.026808e-02;-1.501519e-05;6.661046e-06;-3.020485e-05;-1.672946e-04;3.202341e-02;-2.007880e-02;-4.334234e-02;-8.746221e-04;-1.259767e-04;-1.157990e-02;-6.215799e-03;-6.531634e-02;-1.883099e-02;-8.749880e-02;-1.022477e-01;-5.411023e-01;-3.052346e-01;7.391165e-02;1.776008e-01;1.659324e-02;-4.757069e-02;-1.304553e-01;-3.512765e-02;-2.037985e-02;-1.351070e-03;5.609393e-03;5.278688e-02;-3.138481e-02;-1.062199e-01;6.237864e-03;5.215589e-02;1.838400e-02;-4.373732e-02;4.377937e-03;1.969467e-02;2.130434e-02;5.015025e-04;-2.583984e+01;-7.177734e+00;-2.153320e+01;-4.019531e+01;-9.332822e-02;-1.059189e+01;-1.083232e-01;-1.800750e+03;1.187364e+00;6.816592e+01;7.463904e-03;-1.005415e-02;-1.832566e-02;-2.303288e-01;-6.712999e-02;-1.115508e+00;1.198292e-02;1.426458e+00;1.373774e+00;-1.567714e+00;-7.283050e+00;-4.867101e+00;1.797748e-01;1.727249e+00;3.619501e+00;-2.763165e+00;-3.210281e+00
'unknown';0.140000;2.269631e+02;8.665833e-01;2.324058e-02;1.183853e-02;1.182687e-01;1.201304e+01;1.194314e+00;1.393206e+00;7.086169e-02;2.141597e-02;9.551016e-02;6.160356e-01;1.520246e+00;1.281810e+00;1.911489e+00;1.583910e+00;2.388515e+00;1.936831e+00;1.167846e+00;1.670771e+00;1.986648e+00;1.698160e+00;9.475740e-01;8.277745e-01;1.326081e+00;1.399870e+00;1.251246e+00;1.536491e+00;1.758935e+00;1.711076e+00;2.105898e+00;1.789114e+00;1.262097e+00;9.558756e-01;8.822055e-01;6.113494e-01;1.325930e+00;2.578202e-02;2.440430e+02;4.306641e+02;4.737305e+02;4.737305e+02;3.967671e-01;3.999863e+02;2.727172e+00;5.806856e+04;1.992322e+01;1.036796e+03;-2.330757e-01;4.284012e-01;8.925944e-01;3.847504e+01;1.295424e+01;-6.239183e+00;-1.603809e+01;1.343232e+01;-3.795035e+01;-1.524100e+01;-1.895106e+01;1.008128e+01;8.674709e+00;-8.836133e-01;-1.343530e+01;-1.007456e+01;-6.892733e+00;8.431280e-03;-1.006484e-04;-3.902161e-05;-2.934141e-05;-1.685840e-04;3.711645e-02;1.693011e-02;-4.554921e-02;1.983944e-03;2.519488e-05;-9.231403e-03;-1.019322e-02;-6.455859e-02;-3.681574e-02;-9.637958e-02;-9.521826e-02;-5.348097e-01;-2.662622e-01;1.196938e-01;1.939227e-01;-3.042496e-02;-6.877325e-02;-1.057231e-01;-6.557471e-03;-2.111121e-02;-3.117762e-02;1.654363e-02;4.673266e-02;-5.149219e-02;-1.282187e-01;-2.315116e-02;2.878997e-02;7.282257e-04;-2.157084e-02;-4.801536e-03;1.578128e-02;1.197104e-01;-1.071997e-03;-1.291992e+01;-4.306641e+00;-1.579102e+01;-2.871094e+00;-7.513649e-02;-3.538193e+00;-4.451687e-02;-2.790329e+03;7.586334e-01;7.653230e+01;-1.748273e-02;-2.837104e-03;5.811598e-02;4.816810e-01;6.158566e-01;-1.432567e+00;-1.380274e+00;-1.509899e-01;1.766431e+00;9.822270e-01;-1.909068e+00;-1.474203e+00;-7.332919e-01;-1.065248e-01;1.955360e+00;-1.001193e-01;-1.714412e+00
'unknown';0.150000;2.271331e+02;8.591842e-01;1.921529e-02;8.438312e-03;9.731290e-02;1.392506e+01;1.278369e+00;1.345915e+00;7.579644e-02;2.154195e-02;8.517642e-02;6.035622e-01;1.452950e+00;1.229227e+00;1.800048e+00;1.478796e+00;1.838507e+00;1.679788e+00;1.323931e+00;1.886380e+00;1.938907e+00;1.625173e+00;8.580530e-01;8.480015e-01;1.319012e+00;1.340302e+00;1.270800e+00;1.573150e+00;1.681406e+00;1.562720e+00;2.073361e+00;1.821143e+00;1.258508e+00;9.581618e-01;8.632340e-01;6.234982e-01;1.565963e+00;2.451447e-02;2.583984e+02;4.306641e+02;4.737305e+02;5.455078e+02;2.678510e-01;4.158274e+02;2.770930e+00;5.415822e+04;2.073736e+01;1.159886e+03;-2.814592e-01;4.452721e-01;1.022186e+00;3.951658e+01;1.406167e+01;-9.453316e+00;-1.919724e+01;1.091664e+01;-3.521143e+01;-1.211403e+01;-1.520349e+01;1.282434e+01;4.278231e+00;-3.840424e+00;-1.335936e+01;-8.128478e+00;-6.316238e+00;9.610667e-03;-1.070631e-04;-8.940259e-05;-3.391014e-05;-1.303228e-04;2.812426e-02;4.006545e-02;-3.384603e-02;4.592661e-03;-3.779270e-05;-2.335016e-03;-1.437534e-02;-6.847870e-02;-4.244393e-02;-8.219014e-02;-6.322591e-02;-2.891451e-01;-1.193604e-01;1.308734e-01;1.219722e-01;-7.533930e-02;-7.650656e-02;-6.457203e-02;3.247434e-03;-3.304032e-02;-4.071603e-02;2.571144e-02;2.562170e-02;-5.779228e-02;-1.036992e-01;-3.869007e-02;-2.649760e-03;-1.822479e-02;-2.205908e-04;-7.405805e-03;1.298810e-02;1.290859e-01;-1.843962e-03;-1.004883e+01;-2.871094e+00;-2.871094e+00;3.588867e+01;-3.745558e-02;1.031778e+00;4.700959e-02;-1.683164e+03;-1.685650e-01;4.076793e+01;-3.129203e-02;1.198098e-03;8.931758e-02;1.042493e+00;1.077883e+00;-1.148970e+00;-2.085302e+00;-1.242787e+00;3.366416e+00;2.623026e+00;2.762189e+00;1.349826e+00;-6.188999e-01;-1.685423e+00;3.597066e-01;2.068496e+00;4.521323e-01
'unknown';0.160000;2.275025e+02;8.544469e-01;1.235598e-02;6.279080e-03;8.580255e-02;1.655648e+01;1.346702e+00;1.325701e+00;8.357802e-02;2.154195e-02;8.648536e-02;5.874172e-01;1.382295e+00;1.188317e+00;1.745245e+00;1.458878e+00;1.781063e+00;1.697532e+00;1.464476e+00;1.941747e+00;1.832925e+00;1.547024e+00;8.214681e-01;8.589843e-01;1.269076e+00;1.288752e+00;1.300445e+00;1.579218e+00;1.609745e+00;1.489328e+00;2.029864e+00;1.804875e+00;1.231097e+00;9.868550e-01;8.498440e-01;6.352636e-01;1.728233e+00;2.268041e-02;2.583984e+02;4.306641e+02;4.737305e+02;6.029297e+02;3.387052e-01;4.205899e+02;2.913063e+00;5.274978e+04;1.910552e+01;1.133844e+03;-3.295686e-01;4.497895e-01;1.180114e+00;4.143027e+01;1.540421e+01;-1.036795e+01;-2.300925e+01;8.947356e+00;-2.866370e+01;-8.449540e+00;-7.692999e+00;1.771933e+01;5.133771e+00;-6.133928e+00;-1.614330e+01;-3.716781e+00;-3.644531e+00;1.322067e-02;-3.850087e-05;-8.235086e-05;-2.925455e-05;-2.611361e-05;4.303252e-03;3.637629e-02;-2.017984e-02;5.164476e-03;-1.007805e-04;9.534911e-03;-1.862664e-02;-7.369999e-02;-3.922073e-02;-6.159406e-02;-2.655394e-02;7.388008e-03;3.775382e-02;1.105732e-01;1.377689e-02;-1.068374e-01;-7.672205e-02;-2.503678e-02;-6.951827e-03;-5.248805e-02;-3.437822e-02;2.536883e-02;8.360839e-03;-4.349458e-02;-5.830765e-02;-4.497600e-02;-4.507200e-02;-3.488807e-02;3.062862e-03;-2.426374e-03;1.077926e-02;1.378035e-01;-2.552528e-03;-1.435547e+00;0;0;3.732422e+01;-1.637289e-02;-2.795798e+00;9.222575e-02;-1.085298e+03;-1.143885e+00;-1.313413e+01;-3.846964e-02;-3.050810e-03;1.031736e-01;1.349373e+00;1.604452e+00;-7.436371e-02;-1.669586e+00;-4.896089e-01;3.818342e+00;2.956402e+00;5.045498e+00;2.844248e+00;7.701195e-01;-6.186590e-01;8.744335e-01;3.365006e+00;1.474737e+00
'unknown';0.170000;2.283334e+02;8.546816e-01;8.166955e-03;7.051828e-03;9.822436e-02;1.499188e+01;1.362865e+00;1.320014e+00;8.890361e-02;2.129000e-02;1.021170e-01;5.662974e-01;1.307076e+00;1.154498e+00;1.697605e+00;1.456406e+00;2.056289e+00;1.884070e+00;1.562814e+00;1.864979e+00;1.708785e+00;1.472326e+00;8.224781e-01;8.394774e-01;1.199178e+00;1.273651e+00;1.340834e+00;1.580136e+00;1.589642e+00;1.466698e+00;1.969864e+00;1.724759e+00;1.180608e+00;9.888558e-01;8.609736e-01;6.499488e-01;1.768688e+00;2.030601e-02;2.440430e+02;4.306641e+02;4.737305e+02;6.603516e+02;2.943789e-01;4.086458e+02;3.052851e+00;5.533289e+04;1.776710e+01;1.090429e+03;-3.583512e-01;4.365707e-01;1.206968e+00;4.260291e+01;1.721965e+01;-9.106853e+00;-2.230426e+01;9.249741e+00;-2.405804e+01;-5.044611e+00;-3.184663e+00;1.902179e+01;8.663179e+00;-5.714077e+00;-1.327202e+01;-7.101204e-02;-1.955264e+00;1.516248e-02;3.751419e-05;-2.859406e-05;6.159888e-06;1.087654e-04;-2.569450e-02;5.764210e-03;-1.802700e-02;3.353333e-03;-1.763660e-04;2.124799e-02;-2.236215e-02;-7.812772e-02;-3.522626e-02;-4.923023e-02;-6.208813e-03;1.559361e-01;9.535171e-02;6.719609e-02;-6.636413e-02;-1.307512e-01;-8.672158e-02;-2.070796e-03;-2.271392e-02;-6.506095e-02;-2.315624e-02;1.077766e-02;-8.750844e-03;-3.033792e-02;-2.234044e-02;-4.341513e-02;-7.356445e-02;-4.309456e-02;-1.573166e-02;1.092464e-03;4.924166e-03;1.044786e-01;-3.077132e-03;-4.306641e+00;0;0;2.871094e+00;-7.669708e-03;-7.717270e+00;5.116088e-02;-1.386483e+03;-1.429268e+00;-4.608065e+01;-2.692049e-02;-7.928908e-03;7.998602e-02;1.055704e+00;1.741507e+00;7.207345e-01;-9.791209e-01;4.069216e-01;2.273397e+00;2.715738e+00;3.624795e+00;1.254283e+00;1.931580e+00;8.585402e-01;2.266861e+00;2.365503e+00;8.949922e-01
'unknown';0.180000;2.292847e+02;8.602297e-01;1.015345e-02;5.847111e-03;1.117808e-01;1.248444e+01;1.333948e+00;1.305257e+00;9.013049e-02;2.103805e-02;1.347144e-01;5.415348e-01;1.224683e+00;1.123071e+00;1.654740e+00;1.462335e+00;2.316564e+00;2.023459e+00;1.601270e+00;1.750355e+00;1.567522e+00;1.390973e+00;8.401775e-01;7.972775e-01;1.123558e+00;1.261304e+00;1.343073e+00;1.574802e+00;1.587344e+00;1.467549e+00;1.932766e+00;1.611946e+00;1.126606e+00;9.558429e-01;8.712038e-01;6.520204e-01;1.913585e+00;1.512360e-02;2.440430e+02;4.306641e+02;4.737305e+02;6.029297e+02;3.016388e-01;3.895981e+02;3.047340e+00;5.205473e+04;1.568893e+01;1.005853e+03;-3.869779e-01;4.174978e-01;1.316071e+00;4.367875e+01;1.939751e+01;-6.784233e+00;-2.283251e+01;1.181772e+01;-2.443534e+01;-3.993701e+00;2.670201e-01;2.120379e+01;1.033283e+01;-3.040082e+00;-9.106808e+00;2.721736e+00;-1.699535e+00;1.165100e-02;4.815844e-05;9.457444e-06;1.394573e-05;2.405975e-05;-3.779800e-02;-1.023945e-02;-2.684643e-02;9.312563e-04;-1.133783e-04;2.492711e-02;-2.534245e-02;-8.054519e-02;-3.640334e-02;-5.091401e-02;-7.123923e-03;1.052440e-01;4.348629e-02;1.964419e-02;-8.600815e-02;-1.313152e-01;-9.561265e-02;7.430196e-04;-2.530352e-02;-6.133411e-02;-2.162358e-02;-1.472512e-02;-2.405959e-02;-3.154237e-02;-5.908346e-03;-4.105555e-02;-7.307313e-02;-3.648254e-02;-3.651001e-02;-5.395836e-03;-1.774168e-03;8.677737e-02;-1.018226e-03;1.148438e+01;2.871094e+00;0;-2.727539e+01;-1.490981e-02;-3.567627e+00;-2.401462e-02;-2.537610e+03;-9.095553e-01;-3.071133e+01;-1.161405e-02;-3.240258e-03;6.101269e-02;4.730789e-01;1.110936e+00;2.748492e-01;-6.318014e-01;6.652271e-01;3.761517e-01;9.771944e-01;9.185227e-01;-5.292450e-01;1.700949e+00;1.733448e+00;2.354112e+00;6.284396e-02;-9.566265e-02
'unknown';0.190000;2.298203e+02;8.652399e-01;1.342539e-02;1.015423e-02;1.110801e-01;9.575995e+00;1.313567e+00;1.266002e+00;8.928687e-02;2.091207e-02;1.673018e-01;5.146926e-01;1.141117e+00;1.085718e+00;1.599150e+00;1.446023e+00;2.350437e+00;1.993583e+00;1.591514e+00;1.650255e+00;1.417852e+00;1.269590e+00;8.383443e-01;7.652853e-01;1.066466e+00;1.238245e+00;1.303374e+00;1.531603e+00;1.540917e+00;1.461907e+00;1.904834e+00;1.549785e+00;1.095280e+00;8.950096e-01;8.580164e-01;6.397406e-01;1.995680e+00;1.290721e-02;2.440430e+02;4.306641e+02;4.737305e+02;5.598633e+02;2.480357e-01;3.927369e+02;2.959595e+00;4.757333e+04;1.529931e+01;9.934778e+02;-3.873570e-01;4.217733e-01;1.354138e+00;4.367087e+01;2.077255e+01;-7.641502e+00;-2.418122e+01;1.151607e+01;-2.595863e+01;-7.632561e-01;-1.059523e+00;1.735352e+01;1.133660e+01;-1.094645e+00;-5.543306e+00;4.797780e-01;-2.813775e+00;4.437238e-03;1.010837e-06;8.812080e-06;8.236001e-06;-1.736664e-04;-1.992068e-02;-8.839297e-03;-3.572744e-02;-8.680493e-04;3.779270e-05;1.742392e-02;-2.728656e-02;-8.063022e-02;-4.161848e-02;-5.580352e-02;-1.326575e-02;-4.671337e-02;-4.841816e-02;-3.501812e-02;-4.015153e-02;-9.719308e-02;-8.451740e-02;-1.088436e-02;-1.057298e-02;-4.352937e-02;-2.264890e-02;-3.454100e-02;-3.694165e-02;-4.550302e-02;2.133322e-03;-4.517324e-02;-4.805119e-02;-1.810396e-02;-4.218870e-02;-1.565028e-02;-4.065871e-03;4.437641e-02;5.363452e-03;2.153320e+01;4.306641e+00;0;-3.732422e+01;-4.391563e-03;5.167944e+00;-7.223670e-02;-1.523689e+03;-3.269160e-01;-2.244192e+01;5.334860e-03;5.646789e-03;3.237312e-02;-1.728005e-01;5.796814e-03;-6.542765e-01;-1.414127e-02;5.004652e-01;-6.512234e-01;-1.310448e+00;-1.887153e+00;-1.079319e+00;2.599059e+00;1.757108e+00;8.991766e-02;-2.250370e+00;-3.218707e-01
'unknown';0.200000;2.296834e+02;8.613759e-01;1.214787e-02;8.332849e-03;8.565429e-02;9.304646e+00;1.320153e+00;1.218475e+00;8.804267e-02;2.116402e-02;1.785285e-01;4.865073e-01;1.062549e+00;1.040690e+00;1.539903e+00;1.428450e+00;2.160209e+00;1.860207e+00;1.548346e+00;1.619068e+00;1.321815e+00;1.170328e+00;8.172501e-01;7.695627e-01;1.028761e+00;1.198338e+00;1.245550e+00;1.483186e+00;1.476396e+00;1.462181e+00;1.857101e+00;1.526996e+00;1.091348e+00;8.512281e-01;8.243434e-01;6.314968e-01;2.048623e+00;2.128869e-02;3.158203e+02;4.450195e+02;4.737305e+02;5.167969e+02;2.873277e-01;4.107062e+02;2.839618e+00;4.394151e+04;1.579164e+01;1.028763e+03;-3.731360e-01;4.409869e-01;1.411593e+00;4.326168e+01;1.918244e+01;-9.726380e+00;-2.522978e+01;1.114033e+01;-2.583265e+01;-5.704245e+00;-4.162956e+00;1.590724e+01;1.230180e+01;2.235991e-01;-8.237102e+00;-3.677957e+00;-3.693589e+00;-1.787125e-03;-5.482818e-05;-1.558676e-05;-7.783613e-06;-3.193966e-04;-8.671775e-05;-2.041566e-03;-3.393529e-02;-1.770082e-03;1.511708e-04;2.307548e-03;-2.810007e-02;-7.786818e-02;-4.711492e-02;-6.285231e-02;-2.358692e-02;-1.815954e-01;-1.166804e-01;-9.540813e-02;5.167796e-02;-2.111712e-02;-3.380649e-02;-2.230639e-02;1.257811e-02;-1.324095e-02;-8.982646e-03;-2.802752e-02;-3.616891e-02;-4.801881e-02;1.380221e-02;-5.254824e-02;-1.959605e-02;9.026647e-04;-3.267474e-02;-1.711606e-02;3.224671e-03;-2.226547e-02;1.164587e-02;2.153320e+01;4.306641e+00;0;-2.440430e+01;-6.940319e-03;9.899414e+00;-7.370929e-02;1.575148e+03;3.454804e-01;-5.739783e+00;1.904153e-02;9.964690e-03;-2.471027e-02;-7.562340e-01;-1.161246e+00;-7.757433e-01;1.180462e+00;7.973620e-01;-8.012419e-01;-4.022646e+00;-3.598348e+00;-6.282266e-01;4.126359e+00;1.439678e+00;-2.176967e+00;-3.209973e+00;-6.631634e-02
'unknown';0.210000;2.293143e+02;8.543799e-01;9.557818e-03;8.061505e-03;6.335566e-02;1.103386e+01;1.325566e+00;1.184768e+00;8.560727e-02;2.141597e-02;1.673295e-01;4.573783e-01;9.849923e-01;9.875962e-01;1.476006e+00;1.407020e+00;1.900899e+00;1.723605e+00;1.414185e+00;1.729865e+00;1.345673e+00;1.160061e+00;7.795200e-01;8.004698e-01;1.028929e+00;1.191890e+00;1.216891e+00;1.441236e+00;1.417601e+00;1.480048e+00;1.781830e+00;1.526978e+00;1.107718e+00;8.302197e-01;8.061524e-01;6.398812e-01;1.923051e+00;4.404073e-02;3.158203e+02;4.450195e+02;4.737305e+02;5.167969e+02;2.795766e-01;4.239315e+02;2.795529e+00;5.177106e+04;1.608116e+01;9.667650e+02;-3.385979e-01;4.530602e-01;1.321073e+00;4.194743e+01;1.735617e+01;-1.090716e+01;-2.117633e+01;1.209076e+01;-2.661550e+01;-1.074158e+01;-1.040544e+01;1.627347e+01;2.067399e+01;1.439624e+00;-1.325729e+01;-8.123014e+00;-2.567590e+00;-4.252872e-03;-6.046906e-05;-2.454006e-05;-2.058705e-05;-3.305066e-04;9.727405e-03;-3.849185e-03;-2.120168e-02;-2.373196e-03;2.141595e-04;-8.998928e-03;-2.756826e-02;-7.368827e-02;-4.924829e-02;-6.954104e-02;-3.622526e-02;-2.480480e-01;-1.465049e-01;-1.530908e-01;1.460817e-01;7.205256e-02;5.128833e-02;-1.898885e-02;2.988073e-02;1.718326e-02;1.509782e-02;-1.370585e-03;-8.936524e-03;-1.947857e-02;3.727388e-02;-4.493983e-02;-1.165245e-02;1.186116e-02;-1.838182e-02;-8.769786e-03;1.346995e-02;-8.556247e-02;1.355700e-02;0;0;0;-1.579102e+01;-6.879208e-03;3.676099e+00;-2.796383e-02;5.109901e+03;1.103829e-01;-3.792574e+01;2.304306e-02;2.813202e-03;-8.028344e-02;-9.271114e-01;-1.501701e+00;4.732648e-01;2.031114e+00;2.137158e+00;-2.861753e-01;-5.710261e+00;-2.760477e+00;1.200485e+00;4.654008e+00;1.788042e+00;-2.307348e+00;-2.282687e+00;5.645493e-01
'unknown';0.220000;2.290355e+02;8.501160e-01;7.629419e-03;4.647901e-03;4.269854e-02;1.173005e+01;1.317740e+00;1.176198e+00;8.311988e-02;2.154195e-02;1.462383e-01;4.296916e-01;9.134045e-01;9.365575e-01;1.402050e+00;1.363902e+00;1.633356e+00;1.575046e+00;1.212894e+00;1.968940e+00;1.498026e+00;1.276706e+00;7.580578e-01;8.425757e-01;1.076122e+00;1.239569e+00;1.246178e+00;1.439141e+00;1.408908e+00;1.527490e+00;1.731527e+00;1.525369e+00;1.124901e+00;8.248641e-01;8.115556e-01;6.680735e-01;1.838573e+00;5.778622e-02;3.158203e+02;4.450195e+02;4.737305e+02;5.024414e+02;2.511667e-01;4.234979e+02;2.760827e+00;5.783161e+04;1.702541e+01;9.905108e+02;-3.161499e-01;4.516779e-01;1.209053e+00;4.075929e+01;1.529947e+01;-9.030120e+00;-1.843264e+01;1.551718e+01;-2.811311e+01;-1.911777e+01;-1.305176e+01;1.860268e+01;2.629593e+01;2.891175e+00;-1.613465e+01;-9.026734e+00;-2.154208e+00;-3.678717e-03;-2.254073e-05;-1.117179e-05;-4.823223e-06;-1.812573e-04;-9.048763e-04;-1.219314e-02;-7.694423e-03;-2.831765e-03;1.637692e-04;-9.551595e-03;-2.557503e-02;-6.886242e-02;-4.809910e-02;-7.733931e-02;-5.491990e-02;-2.467400e-01;-1.534889e-01;-1.742556e-01;1.946145e-01;1.307235e-01;1.189549e-01;-3.695548e-03;3.324495e-02;3.467662e-02;3.157356e-02;2.344552e-02;2.819682e-02;2.866821e-02;6.162969e-02;-2.596390e-02;-1.361598e-02;1.326091e-02;-1.254213e-02;1.774013e-04;1.542828e-02;-1.473267e-01;1.026992e-02;-2.440430e+01;-4.306641e+00;0;0;-2.050954e-02;-4.381341e+00;3.302846e-02;7.137256e+03;-4.390068e-01;-7.149522e+01;2.372791e-02;-6.030187e-03;-1.229474e-01;-6.231865e-01;-1.063678e+00;1.128409e+00;1.433072e+00;3.152213e+00;9.140285e-01;-4.118777e+00;-1.127135e+00;1.584887e+00;3.051463e+00;2.218202e+00;-2.671529e-01;-1.078983e+00;9.421870e-01
'unknown';0.230000;2.288854e+02;8.528199e-01;8.298056e-03;5.748535e-03;3.142294e-02;1.136420e+01;1.295528e+00;1.181132e+00;7.988229e-02;2.179390e-02;1.384523e-01;4.052591e-01;8.472474e-01;8.915431e-01;1.320371e+00;1.297171e+00;1.373624e+00;1.403639e+00;9.937866e-01;2.205728e+00;1.690010e+00;1.472844e+00;7.729962e-01;8.781825e-01;1.128702e+00;1.293119e+00;1.296207e+00;1.508943e+00;1.477268e+00;1.615623e+00;1.742922e+00;1.492336e+00;1.137810e+00;8.162825e-01;8.205614e-01;6.888021e-01;1.672893e+00;6.244344e-02;2.440430e+02;4.306641e+02;4.737305e+02;4.880859e+02;2.317201e-01;4.047215e+02;2.859172e+00;6.617779e+04;1.523434e+01;8.229752e+02;-3.006347e-01;4.304939e-01;1.053991e+00;4.028651e+01;1.520553e+01;-5.623309e+00;-1.742422e+01;2.001343e+01;-2.624928e+01;-2.260780e+01;-1.041751e+01;2.200822e+01;2.760958e+01;6.511778e+00;-1.313127e+01;-8.259269e+00;-7.607189e-01;-2.743025e-03;9.317195e-07;6.031122e-06;7.747179e-06;-2.063835e-05;-1.410243e-02;-9.994077e-03;-1.453865e-03;-3.091864e-03;5.039107e-05;-2.358895e-03;-2.244099e-02;-6.248237e-02;-4.564475e-02;-8.360599e-02;-7.222994e-02;-2.051172e-01;-1.450786e-01;-1.243114e-01;1.752535e-01;1.303473e-01;1.373976e-01;1.467353e-02;2.715486e-02;3.156180e-02;2.181749e-02;2.680721e-02;5.410516e-02;7.959068e-02;6.889655e-02;-1.796360e-02;-2.101076e-02;6.856394e-03;-1.528020e-02;-6.102323e-05;5.323327e-03;-1.692857e-01;1.055965e-02;-2.583984e+01;-4.306641e+00;0;2.009766e+01;-1.147756e-02;-5.047739e+00;8.261786e-02;8.225500e+03;-1.274222e+00;-1.107828e+02;2.097979e-02;-7.389605e-03;-1.202992e-01;-2.242622e-02;-9.014289e-01;4.015960e-01;4.144571e-01;3.348828e+00;2.407058e+00;-1.966789e+00;-6.821203e-02;9.967155e-01;1.215263e-01;2.575023e+00;1.592481e+00;-2.264126e-01;1.158485e+00
'unknown';0.240000;2.287538e+02;8.550894e-01;9.247466e-03;7.953138e-03;4.343705e-02;8.846752e+00;1.274207e+00;1.181821e+00;7.674634e-02;2.179390e-02;1.452091e-01;3.846917e-01;7.871089e-01;8.482211e-01;1.231024e+00;1.208775e+00;1.190147e+00;1.252745e+00;8.872679e-01;2.354210e+00;1.803264e+00;1.608712e+00;8.020342e-01;8.969311e-01;1.152257e+00;1.305591e+00;1.323119e+00;1.590316e+00;1.589903e+00;1.702543e+00;1.746736e+00;1.476237e+00;1.142607e+00;7.954860e-01;8.180259e-01;6.841778e-01;1.437069e+00;6.343693e-02;2.296875e+02;4.306641e+02;4.737305e+02;5.311523e+02;2.087082e-01;3.984044e+02;2.972939e+00;7.242443e+04;1.402001e+01;7.431816e+02;-2.734780e-01;4.221191e-01;9.303969e-01;4.097622e+01;1.493937e+01;-6.726263e+00;-1.994047e+01;2.294006e+01;-2.144562e+01;-2.036502e+01;-9.792599e+00;2.096430e+01;2.409132e+01;8.778533e+00;-9.635873e+00;-9.004745e+00;1.139100e-01;-2.580302e-03;-1.895306e-05;8.416338e-06;1.590055e-05;1.384060e-04;-1.553467e-02;-2.740872e-03;-3.969681e-03;-3.016426e-03;-2.015615e-04;4.613074e-03;-1.879885e-02;-5.515311e-02;-4.398643e-02;-8.443610e-02;-7.888015e-02;-1.418484e-01;-1.182490e-01;-1.541926e-02;1.192365e-01;8.895081e-02;1.041901e-01;2.631525e-02;1.650478e-02;1.575317e-02;-4.058576e-03;1.306995e-02;3.637069e-02;9.998287e-02;4.406697e-02;-4.426957e-02;-2.570717e-02;-2.262354e-03;-1.889561e-02;-7.978600e-03;-1.232271e-02;-1.520676e-01;1.352153e-02;-1.579102e+01;-2.871094e+00;0;3.445312e+01;-4.707882e-03;2.047693e+00;8.846788e-02;7.392358e+03;-1.765519e+00;-1.322269e+02;1.870905e-02;-2.680808e-04;-8.700575e-02;5.019093e-01;-9.861563e-01;-1.152778e+00;1.164324e-01;2.611785e+00;2.625154e+00;4.119873e-01;-1.192947e+00;-2.976538e-01;-1.152606e+00;2.385659e+00;1.763405e+00;3.685063e-01;6.052087e-01
'unknown';0.250000;2.285610e+02;8.521993e-01;1.074510e-02;8.992570e-03;5.605192e-02;7.701841e+00;1.297362e+00;1.174688e+00;7.333472e-02;2.154195e-02;1.560497e-01;3.676733e-01;7.357283e-01;8.035406e-01;1.143489e+00;1.123434e+00;1.096918e+00;1.159363e+00;9.554411e-01;2.413498e+00;1.844790e+00;1.681046e+00;8.308994e-01;9.090664e-01;1.148671e+00;1.267966e+00;1.312456e+00;1.636174e+00;1.725057e+00;1.737005e+00;1.684408e+00;1.446490e+00;1.133147e+00;7.685077e-01;8.026121e-01;6.584457e-01;1.277374e+00;9.401360e-02;2.296875e+02;4.306641e+02;4.737305e+02;6.029297e+02;2.434180e-01;4.112395e+02;3.102562e+00;8.560215e+04;1.121275e+01;5.365156e+02;-2.550349e-01;4.308915e-01;8.589047e-01;4.172684e+01;1.302907e+01;-1.005111e+01;-1.835013e+01;2.512347e+01;-1.791396e+01;-1.995190e+01;-1.237608e+01;2.007624e+01;2.238392e+01;1.137106e+01;-8.544269e+00;-9.266072e+00;2.090777e+00;-2.941646e-03;-8.029303e-05;2.743457e-06;7.056517e-06;1.821642e-04;-7.062163e-03;-5.391896e-03;-1.133721e-02;-2.477192e-03;-3.401359e-04;4.353401e-03;-1.520925e-02;-4.668119e-02;-4.163369e-02;-7.787737e-02;-7.253341e-02;-8.010383e-02;-8.323262e-02;9.732383e-02;6.516633e-02;4.052605e-02;3.409855e-02;2.922130e-02;5.919469e-03;5.996299e-03;-1.877642e-02;3.090060e-03;-2.439475e-02;7.663474e-02;-7.699466e-03;-9.015701e-02;-2.792858e-02;-1.094782e-02;-1.761963e-02;-1.700156e-02;-2.530032e-02;-1.024087e-01;1.154826e-02;4.306641e+00;0;0;2.583984e+01;2.446563e-03;8.565692e+00;3.773759e-02;3.796296e+03;-1.038559e+00;-7.389345e+01;1.684715e-02;7.346320e-03;-4.928417e-02;5.279282e-01;-9.353674e-01;-1.656590e+00;7.394371e-02;7.507641e-01;1.643250e+00;1.510930e+00;-2.569174e+00;-1.984314e+00;-9.146931e-01;1.758599e+00;9.341859e-01;1.533134e-01;-4.703400e-01
'unknown';0.260000;2.283178e+02;8.439159e-01;9.317952e-03;8.567224e-03;7.896457e-02;8.069724e+00;1.303119e+00;1.159572e+00;7.131153e-02;2.066012e-02;1.605050e-01;3.544903e-01;6.933985e-01;7.606266e-01;1.068311e+00;1.056370e+00;1.062467e+00;1.105940e+00;1.154970e+00;2.461237e+00;1.865390e+00;1.693555e+00;8.606824e-01;9.096577e-01;1.144903e+00;1.231852e+00;1.303403e+00;1.557379e+00;1.784928e+00;1.687134e+00;1.539436e+00;1.419756e+00;1.115921e+00;7.542735e-01;7.806372e-01;6.216381e-01;1.275994e+00;1.096088e-01;2.440430e+02;4.306641e+02;4.737305e+02;6.172852e+02;2.217783e-01;4.304774e+02;3.081471e+00;8.508122e+04;1.020861e+01;4.726061e+02;-2.454045e-01;4.501387e-01;8.715668e-01;4.254867e+01;1.145692e+01;-1.258011e+01;-1.738753e+01;2.602109e+01;-1.915500e+01;-1.838579e+01;-1.803721e+01;1.808041e+01;2.314573e+01;1.238983e+01;-9.611130e+00;-6.680801e+00;-5.539129e-01;-1.960816e-03;-1.228463e-04;-1.017379e-05;-7.855921e-06;1.694288e-04;4.816690e-03;-2.325087e-02;-2.077300e-02;-2.124250e-03;-2.645507e-04;-5.034074e-04;-1.177930e-02;-3.773338e-02;-3.607535e-02;-6.557751e-02;-5.838717e-02;-4.392757e-02;-5.558119e-02;1.378395e-01;6.002402e-03;-2.501905e-03;-4.409472e-02;2.874261e-02;-4.611623e-03;7.505632e-03;-1.128480e-02;7.294548e-03;-8.868603e-02;2.242902e-02;-5.759475e-02;-1.178081e-01;-3.272035e-02;-1.424671e-02;-1.416132e-02;-2.346717e-02;-2.916884e-02;-6.618071e-02;-5.576804e-04;0;0;0;-8.613281e+00;9.842858e-03;1.169318e+00;-4.148364e-03;-1.089852e+03;1.167822e-02;-1.328613e-01;1.316923e-02;1.286611e-03;-3.994105e-02;3.190628e-01;-1.882179e-01;-3.420151e-01;1.562057e-01;-7.137960e-01;1.596701e-01;2.019664e+00;-2.088782e+00;-1.804349e+00;7.516098e-03;4.057420e-01;2.591370e-01;1.176794e-01;-4.933495e-01
'unknown';0.270000;2.280562e+02;8.296216e-01;9.253201e-03;8.006535e-03;8.033127e-02;9.150303e+00;1.254112e+00;1.135570e+00;7.021373e-02;2.066012e-02;1.525714e-01;3.443136e-01;6.606967e-01;7.271719e-01;1.012341e+00;1.010706e+00;1.036945e+00;1.060879e+00;1.346555e+00;2.478046e+00;1.861577e+00;1.600915e+00;8.897786e-01;9.014165e-01;1.162361e+00;1.236106e+00;1.321515e+00;1.403438e+00;1.762929e+00;1.584830e+00;1.395787e+00;1.380934e+00;1.096414e+00;7.487906e-01;7.542480e-01;5.935703e-01;1.241387e+00;9.709882e-02;2.583984e+02;4.306641e+02;4.737305e+02;5.742188e+02;2.374179e-01;4.315135e+02;2.993593e+00;7.883088e+04;1.194725e+01;5.887957e+02;-2.304357e-01;4.532157e-01;8.369849e-01;4.213992e+01;1.226992e+01;-1.097934e+01;-1.833098e+01;2.222673e+01;-1.917834e+01;-1.604277e+01;-1.914107e+01;1.352860e+01;2.350891e+01;1.349913e+01;-8.472714e+00;-8.654674e+00;-2.778507e+00;3.495686e-04;-1.137704e-04;-1.356947e-05;-1.449130e-05;1.030065e-04;5.105724e-03;-5.620109e-02;-3.281138e-02;-2.458800e-03;-1.763673e-04;-4.562083e-03;-8.756092e-03;-2.983614e-02;-3.003721e-02;-5.657340e-02;-5.046704e-02;-3.237374e-02;-3.704741e-02;8.605093e-02;-8.688314e-02;-6.076652e-02;-1.237505e-01;1.841903e-02;-1.692221e-02;6.349599e-03;1.504421e-03;1.563110e-02;-1.125091e-01;-2.613635e-02;-7.905363e-02;-1.152456e-01;-3.179830e-02;-1.096908e-02;-1.551065e-02;-2.666346e-02;-2.518885e-02;-1.055526e-01;-1.769681e-02;-1.148438e+01;-1.148438e+01;0;-3.445312e+01;1.848525e-02;-1.478671e+01;-1.123247e-02;-3.748771e+03;1.323158e+00;8.672615e+01;1.773809e-02;-1.401965e-02;-7.259633e-02;-7.268028e-02;1.018477e+00;1.469622e+00;-6.042576e-01;-1.585732e+00;5.147661e-01;2.187992e+00;1.366899e-01;-7.744271e-01;-1.093628e+00;-1.222731e+00;4.827627e-01;-5.637193e-01;9.044840e-01
'unknown';0.280000;2.282787e+02;8.204951e-01;6.168067e-03;5.472689e-03;9.584976e-02;9.969722e+00;1.179577e+00;1.097514e+00;6.768558e-02;2.091207e-02;1.444312e-01;3.374751e-01;6.359578e-01;7.060288e-01;9.687109e-01;9.732026e-01;1.000495e+00;1.024081e+00;1.380908e+00;2.351948e+00;1.782361e+00;1.428304e+00;9.163076e-01;8.776979e-01;1.182940e+00;1.265097e+00;1.355062e+00;1.263254e+00;1.683112e+00;1.490656e+00;1.302006e+00;1.345413e+00;1.089740e+00;7.345380e-01;7.248721e-01;5.707713e-01;1.124159e+00;5.910592e-02;2.153320e+02;4.306641e+02;4.737305e+02;5.024414e+02;2.609226e-01;3.941140e+02;3.006681e+00;7.036080e+04;1.371115e+01;7.163773e+02;-2.199314e-01;4.173901e-01;7.416515e-01;4.236499e+01;1.437786e+01;-7.972225e+00;-1.916902e+01;2.081944e+01;-2.001508e+01;-1.222126e+01;-1.685401e+01;1.521637e+01;2.356641e+01;9.743210e+00;-8.375965e+00;-8.722047e+00;8.180491e-02;3.548011e-03;-7.472657e-05;-1.300153e-05;-1.402892e-05;1.231619e-04;-2.716181e-03;-7.041001e-02;-4.306724e-02;-3.619046e-03;-2.393549e-04;-4.189217e-03;-6.608096e-03;-2.391738e-02;-2.770432e-02;-5.817577e-02;-5.680876e-02;-2.884885e-02;-1.581252e-02;-6.120718e-03;-2.131722e-01;-1.335639e-01;-1.684898e-01;1.453459e-04;-2.497361e-02;-8.289123e-03;3.070355e-04;1.266240e-02;-6.954499e-02;-2.775737e-02;-6.786897e-02;-9.384158e-02;-2.500914e-02;-3.773606e-03;-2.498791e-02;-2.675493e-02;-1.665027e-02;-1.732393e-01;-2.478564e-02;-2.440430e+01;-2.871094e+01;0;-2.296875e+01;2.419932e-02;-2.707707e+01;4.214280e-02;-3.467313e+02;1.627774e+00;9.720122e+01;2.337145e-02;-2.729866e-02;-1.128398e-01;-3.652039e-01;1.337167e+00;2.468748e+00;-9.979746e-01;-1.231182e+00;1.920185e+00;2.057485e+00;2.866523e+00;8.265569e-01;-3.605458e+00;-3.369926e+00;1.482942e+00;-5.078995e-01;3.117600e+00
'unknown';0.290000;2.287155e+02;8.197098e-01;7.014377e-03;4.837510e-03;8.839991e-02;8.786473e+00;1.078128e+00;1.041659e+00;6.285369e-02;2.053414e-02;1.412761e-01;3.324004e-01;6.152679e-01;6.806535e-01;9.104221e-01;9.126824e-01;9.660349e-01;1.015055e+00;1.272727e+00;2.033727e+00;1.582472e+00;1.194919e+00;8.951820e-01;8.404353e-01;1.161400e+00;1.258866e+00;1.364782e+00;1.220691e+00;1.645283e+00;1.439975e+00;1.226895e+00;1.324670e+00;1.091392e+00;7.008222e-01;6.971774e-01;5.579348e-01;8.255288e-01;3.078098e-02;1.866211e+02;3.732422e+02;4.737305e+02;4.880859e+02;3.162722e-01;3.554876e+02;3.083795e+00;7.421850e+04;1.607727e+01;8.482607e+02;-1.790810e-01;3.771676e-01;5.608807e-01;4.145528e+01;1.666099e+01;-5.006941e+00;-2.048067e+01;1.979563e+01;-1.491009e+01;-1.209420e+01;-1.228423e+01;1.763612e+01;1.670544e+01;6.580713e+00;-6.748037e+00;-1.106405e+01;6.295338e+00;5.113418e-03;-4.925487e-05;-8.063891e-06;-7.058417e-06;1.401961e-04;-1.260196e-02;-6.016798e-02;-4.574118e-02;-4.611691e-03;-6.172836e-04;-9.701491e-04;-5.410814e-03;-2.022681e-02;-3.247045e-02;-7.016894e-02;-7.285066e-02;-1.578218e-02;1.437283e-02;-5.566583e-02;-3.112022e-01;-1.904665e-01;-1.580123e-01;-1.595265e-02;-2.575820e-02;-3.416737e-02;-1.398345e-02;-7.759690e-04;7.427132e-03;9.311831e-03;-4.348101e-02;-7.596876e-02;-1.171672e-02;2.793312e-03;-3.472311e-02;-2.520688e-02;-8.215236e-03;-2.123627e-01;-2.005322e-02;-2.009766e+01;-3.445312e+01;2.871094e+00;1.291992e+01;9.406364e-03;-2.158443e+01;9.966822e-02;5.408024e+03;1.135053e+00;5.324866e+01;2.820644e-02;-2.305792e-02;-1.180144e-01;-4.148727e-01;6.906785e-01;1.673986e+00;-1.369651e+00;-3.122660e-01;3.332193e+00;2.473215e+00;3.512042e+00;9.777616e-01;-5.362236e+00;-4.813107e+00;1.888107e+00;-2.045040e-01;3.313136e+00
'unknown';0.300000;2.294109e+02;8.187196e-01;5.158746e-03;4.420922e-03;1.255498e-01;7.128498e+00;1.039061e+00;9.911909e-01;5.689632e-02;1.952633e-02;1.452066e-01;3.274064e-01;5.965260e-01;6.453642e-01;8.283911e-01;8.213381e-01;9.536772e-01;1.049789e+00;1.161281e+00;1.617536e+00;1.337123e+00;1.054104e+00;8.587075e-01;8.152803e-01;1.103938e+00;1.222007e+00;1.345082e+00;1.301028e+00;1.704964e+00;1.420216e+00;1.154674e+00;1.322842e+00;1.099563e+00;6.533181e-01;6.753979e-01;5.562045e-01;6.177266e-01;1.883946e-02;1.579102e+02;3.158203e+02;4.737305e+02;5.455078e+02;3.033478e-01;3.331050e+02;3.247084e+00;8.565375e+04;1.628247e+01;8.288797e+02;-1.542246e-01;3.516694e-01;4.454199e-01;4.106497e+01;1.594722e+01;-3.222567e+00;-2.130255e+01;2.108073e+01;-1.168820e+01;-1.007265e+01;-7.133010e+00;2.015943e+01;8.520169e+00;-1.000600e+00;-3.058756e+00;-8.015613e+00;1.049716e+01;4.483871e-03;-7.606061e-05;-2.579951e-07;3.691973e-06;1.561450e-04;-9.471911e-02;-3.563366e-02;-3.783986e-02;-4.745835e-03;-7.558573e-04;4.099026e-04;-5.488873e-03;-1.800854e-02;-4.047291e-02;-8.250992e-02;-8.464585e-02;1.167426e-02;4.543446e-02;-2.152706e-02;-3.154126e-01;-1.994186e-01;-1.154366e-01;-2.143998e-02;-1.290720e-02;-4.946069e-02;-2.219867e-02;-1.547874e-02;7.197729e-02;4.397985e-02;-3.068628e-02;-6.160061e-02;-1.389980e-03;8.208632e-04;-3.809328e-02;-2.264857e-02;6.923258e-04;-1.874081e-01;-9.299411e-03;-2.871094e+00;-2.871094e+01;4.306641e+00;5.024414e+01;-1.803971e-02;-5.695496e+00;1.231306e-01;8.756699e+03;2.830996e-01;-4.421234e+00;2.664237e-02;-7.711622e-03;-8.932476e-02;-2.206383e-01;-3.066148e-01;1.065271e-01;-1.322755e+00;-3.175661e-01;3.897649e+00;3.366865e+00;2.787671e+00;-1.462866e+00;-4.866319e+00;-4.261681e+00;2.071744e+00;-8.991845e-01;1.452005e+00
'unknown';0.310000;2.296172e+02;8.098962e-01;6.362963e-03;5.543180e-03;1.252048e-01;5.170977e+00;1.023530e+00;9.600262e-01;5.254990e-02;1.826657e-02;1.473330e-01;3.222939e-01;5.792785e-01;5.951519e-01;7.316558e-01;7.223849e-01;9.814429e-01;1.119889e+00;1.178039e+00;1.289241e+00;1.131864e+00;9.979536e-01;8.388155e-01;8.038344e-01;1.031025e+00;1.187734e+00;1.322626e+00;1.421687e+00;1.798562e+00;1.402645e+00;1.089609e+00;1.333635e+00;1.105468e+00;6.157849e-01;6.529507e-01;5.597775e-01;4.327895e-01;1.696593e-02;1.866211e+02;3.158203e+02;4.880859e+02;6.172852e+02;2.632371e-01;3.540959e+02;3.371733e+00;9.822452e+04;1.633685e+01;7.987878e+02;-1.222569e-01;3.707864e-01;3.950289e-01;4.071556e+01;1.493863e+01;-4.984235e+00;-2.411246e+01;2.053476e+01;-6.680813e+00;-4.751003e+00;-6.441364e+00;1.594588e+01;4.220845e+00;-5.194505e+00;-1.690782e+00;-1.003041e+01;8.579494e+00;3.934980e-04;-1.076841e-04;1.367497e-06;2.589791e-06;2.316683e-05;-1.264815e-01;-1.952457e-02;-2.470556e-02;-3.975813e-03;-8.818340e-04;-5.802572e-04;-6.693566e-03;-1.674543e-02;-4.374833e-02;-8.331255e-02;-7.900323e-02;3.880516e-02;5.761261e-02;5.027340e-02;-2.180216e-01;-1.536088e-01;-7.277897e-02;-1.501679e-02;8.469301e-03;-4.150784e-02;-1.394290e-02;-2.068681e-02;8.059169e-02;2.980259e-02;-3.946387e-02;-4.291188e-02;-3.732324e-04;-1.186361e-02;-3.296354e-02;-1.977943e-02;5.103296e-03;-1.195167e-01;-1.284778e-03;1.435547e+00;-1.435547e+01;1.435547e+00;4.019531e+01;-2.923547e-02;-1.854462e-01;9.318876e-02;6.397793e+03;-5.658343e-01;-4.839372e+01;1.727542e-02;-2.135864e-03;-5.401488e-02;1.958378e-01;-7.035719e-01;-1.028943e+00;-5.772476e-01;-6.084423e-02;3.111167e+00;3.667198e+00;6.888331e-01;-2.974237e+00;-1.611008e+00;-1.706767e+00;1.310918e+00;-1.441057e+00;-1.000779e+00
'unknown';0.320000;2.297604e+02;7.924297e-01;6.381288e-03;6.738785e-03;1.463073e-01;-3.023046e+01;1.028708e+00;9.491315e-01;4.910830e-02;1.826657e-02;1.434523e-01;3.150840e-01;5.639098e-01;5.464150e-01;6.455445e-01;6.451221e-01;1.051163e+00;1.198836e+00;1.320617e+00;1.147128e+00;1.010572e+00;9.496039e-01;8.372910e-01;8.314624e-01;1.000825e+00;1.189670e+00;1.298746e+00;1.522643e+00;1.826372e+00;1.355890e+00;1.062646e+00;1.333981e+00;1.086806e+00;5.865902e-01;6.337426e-01;5.733116e-01;3.834878e-01;1.951640e-02;2.009766e+02;3.158203e+02;4.880859e+02;6.890625e+02;1.972415e-01;3.663324e+02;3.478365e+00;1.021413e+05;1.499685e+01;7.190076e+02;-1.151316e-01;3.820225e-01;3.779536e-01;4.163166e+01;1.370596e+01;-7.450943e+00;-2.396689e+01;1.886205e+01;-4.641473e+00;9.414631e-01;-5.837089e+00;8.747165e+00;5.477120e+00;-5.677586e+00;-5.458719e-01;-1.373479e+01;6.199753e+00;-3.838553e-01;-1.059978e-04;0;0;7.254136e-04;-1.153135e-01;-3.972990e-02;-1.885157e-02;-3.385312e-03;-1.158982e-03;-2.400078e-03;-1.117516e-02;-2.041210e-02;-4.071978e-02;-7.296271e-02;-6.103868e-02;3.483845e-02;2.855818e-02;8.312349e-02;-8.140544e-02;-8.672942e-02;-6.250270e-02;-1.412234e-02;2.918777e-02;-1.636423e-02;-4.854500e-03;-2.347052e-02;3.137261e-02;-3.076052e-02;-5.808036e-02;-2.632245e-02;-1.466967e-02;-3.503368e-02;-2.321219e-02;-1.498186e-02;3.997266e-03;-8.305248e-02;1.123329e-03;-1.004883e+01;-2.727539e+01;-7.177734e+00;0;-6.030614e-03;-1.035457e+01;6.348801e-03;6.086247e+03;-6.314599e-01;-5.185176e+01;1.466847e-02;-1.277422e-02;-5.636318e-02;-4.198303e-02;-6.760979e-01;-9.965937e-01;1.101182e+00;1.474445e-01;1.968909e+00;2.055681e+00;-5.881270e-01;-3.422603e+00;1.520030e+00;2.661687e+00;1.022949e+00;-1.416621e+00;-1.856290e+00
'unknown';0.330000;0;7.847738e-01;0;0;0;-2.951396e+01;9.856814e-01;9.391611e-01;4.686864e-02;1.675485e-02;1.392519e-01;3.050938e-01;5.478489e-01;5.113865e-01;5.852827e-01;6.057742e-01;1.111318e+00;1.228594e+00;1.444425e+00;1.178823e+00;9.777033e-01;8.832743e-01;8.308063e-01;8.746907e-01;1.005417e+00;1.205320e+00;1.284516e+00;1.512842e+00;1.733592e+00;1.274819e+00;1.058350e+00;1.317235e+00;1.038453e+00;5.693684e-01;6.191078e-01;5.748978e-01;3.450649e-01;2.401862e-02;1.722656e+02;3.014648e+02;4.737305e+02;6.172852e+02;2.231479e-01;3.379467e+02;3.434098e+00;9.796370e+04;1.389090e+01;6.612282e+02;-1.122504e-01;3.513117e-01;3.245395e-01;4.215113e+01;1.426376e+01;-8.037468e+00;-2.203474e+01;2.060075e+01;-2.877616e+00;7.347363e-01;-9.488026e+00;8.471065e+00;1.017193e+01;3.853696e-01;-1.449888e+00;-1.540974e+01;3.440146e+00;-5.606682e-01;-5.801745e-05;0;0;8.050082e-04;6.622984e-03;-7.389434e-02;-2.491619e-02;-3.557599e-03;-1.688083e-03;-1.773661e-03;-1.940398e-02;-3.326142e-02;-3.499479e-02;-5.852436e-02;-4.443734e-02;-1.681400e-02;-4.157488e-02;3.540766e-02;1.332294e-02;-3.654491e-02;-6.869407e-02;-1.996344e-02;3.888354e-02;7.593655e-03;-3.051281e-04;-3.055093e-02;-4.059135e-02;-9.291689e-02;-6.863932e-02;-1.686302e-02;-3.615157e-02;-5.787508e-02;-1.316338e-02;-6.914443e-03;-3.071141e-03;-7.101838e-02;4.414506e-05;-3.445312e+01;-5.024414e+01;-3.014648e+01;-4.306641e+01;1.786707e-02;-3.175160e+01;-1.129695e-01;6.640874e+03;3.408346e-02;-2.170217e+01;1.403126e-02;-3.513128e-02;-7.702432e-02;-8.859585e-01;-4.953782e-01;3.742420e-01;2.834858e+00;8.657497e-01;4.425859e-01;4.403374e-01;-9.146398e-01;-1.568458e+00;4.226390e+00;6.078398e+00;1.669591e+00;9.386232e-01;-1.437788e+00
'unknown';0.340000;5.571640e+01;7.830517e-01;0;0;4.570638e-01;-2.851560e+01;8.593361e-01;9.073656e-01;4.281039e-02;1.448728e-02;1.372467e-01;2.801306e-01;5.101803e-01;4.836481e-01;5.367641e-01;5.744501e-01;1.062932e+00;1.138227e+00;1.443705e+00;1.265717e+00;9.805565e-01;7.989299e-01;7.921004e-01;9.257910e-01;1.034921e+00;1.188942e+00;1.246784e+00;1.412314e+00;1.583647e+00;1.193727e+00;1.038692e+00;1.257694e+00;9.579030e-01;5.604654e-01;6.174100e-01;5.686307e-01;2.463264e-01;2.092976e-02;1.148438e+02;1.866211e+02;4.450195e+02;5.455078e+02;2.932393e-01;2.894068e+02;3.247646e+00;1.162154e+05;1.434815e+01;6.384007e+02;-8.588553e-02;2.975357e-01;1.988487e-01;4.013728e+01;1.290416e+01;-6.678919e+00;-1.683551e+01;2.178496e+01;-3.745251e+00;-2.537112e+00;-8.550315e+00;6.783820e+00;1.314478e+01;9.517898e+00;1.935541e+00;-1.240905e+01;3.785389e+00;-3.618455e-01;-7.155450e-06;1.157163e-05;0;1.844345e-04;1.172088e-01;-1.039009e-01;-3.888647e-02;-4.201666e-03;-2.166793e-03;-6.380976e-05;-2.916197e-02;-5.217390e-02;-3.427674e-02;-5.015157e-02;-3.987782e-02;-1.002576e-01;-1.228510e-01;-6.168226e-02;1.997981e-02;-2.189375e-02;-6.617901e-02;-2.489806e-02;2.917344e-02;1.395873e-02;4.405534e-03;-4.274325e-02;-9.651951e-02;-1.203272e-01;-6.085178e-02;-1.652918e-02;-5.465300e-02;-6.680793e-02;-3.370482e-03;-5.468189e-04;-1.274971e-02;-8.178594e-02;-2.634895e-03;-4.306641e+01;-6.316406e+01;-4.880859e+01;-5.742188e+01;2.755107e-02;-4.011015e+01;-1.936683e-01;1.248006e+04;1.184098e+00;1.994238e+01;1.967664e-02;-4.410935e-02;-8.859290e-02;-1.944492e+00;-5.616697e-01;1.625408e+00;3.697324e+00;1.188174e+00;-8.637295e-01;-5.429012e-01;-5.639433e-01;7.980891e-02;4.326280e+00;5.765675e+00;1.649267e+00;3.179104e+00;2.065608e-01
'unknown';0.350000;5.761053e+01;7.876360e-01;0;0;3.457654e-01;7.423040e+00;7.387444e-01;8.563282e-01;3.791086e-02;1.171580e-02;1.415675e-01;2.427507e-01;4.398362e-01;4.515615e-01;4.934242e-01;5.355343e-01;8.914883e-01;9.423191e-01;1.293534e+00;1.296561e+00;9.641473e-01;7.298203e-01;7.615936e-01;9.510878e-01;1.051945e+00;1.186572e+00;1.195852e+00;1.273894e+00;1.455340e+00;1.140530e+00;1.017271e+00;1.191021e+00;8.805442e-01;5.630305e-01;6.265448e-01;5.467622e-01;1.462783e-01;1.647998e-02;5.742188e+01;1.291992e+02;3.588867e+02;4.737305e+02;3.045736e-01;2.338007e+02;2.922245e+00;1.243918e+05;1.683162e+01;7.305804e+02;-6.672371e-02;2.373735e-01;9.945973e-02;3.703296e+01;1.286264e+01;-3.499037e+00;-1.350387e+01;2.340205e+01;-4.915995e+00;-8.100289e-01;-9.657950e+00;9.085258e+00;2.151896e+01;1.759974e+01;5.416464e+00;-6.000162e+00;2.597733e+00;3.569450e-03;2.280812e-05;0;0;-2.299554e-04;1.142103e-01;-1.006137e-01;-4.934486e-02;-4.600992e-03;-2.116402e-03;5.075872e-04;-3.430985e-02;-6.563041e-02;-3.875133e-02;-4.935389e-02;-4.452478e-02;-1.652638e-01;-1.708681e-01;-1.409383e-01;-4.677652e-02;-3.788602e-02;-4.867553e-02;-1.918520e-02;1.198326e-02;8.978534e-03;2.153087e-02;-5.469407e-02;-1.055380e-01;-1.099767e-01;-3.961689e-02;-1.789309e-02;-6.357531e-02;-5.573039e-02;3.422737e-03;-8.068859e-04;-1.939454e-02;-7.397743e-02;-4.689907e-03;-3.301758e+01;-5.311523e+01;-6.603516e+01;-5.024414e+01;1.272079e-03;-3.788436e+01;-2.099299e-01;9.890439e+03;2.381811e+00;8.926538e+01;1.896567e-02;-4.113195e-02;-7.187965e-02;-2.118621e+00;-6.306288e-01;2.645401e+00;3.734494e+00;8.937966e-01;-1.493316e+00;2.503337e-01;4.330656e-01;1.140767e+00;2.240716e+00;2.785171e+00;8.969723e-01;3.467669e+00;1.290036e+00
'unknown';0.360000;5.915021e+01;7.876069e-01;1.188939e-02;0;2.344670e-01;7.619892e+00;6.326714e-01;7.961156e-01;3.257886e-02;9.952129e-03;1.419755e-01;2.004457e-01;3.570466e-01;4.049439e-01;4.407159e-01;4.808530e-01;6.597895e-01;7.277185e-01;1.087651e+00;1.188158e+00;9.078814e-01;6.954358e-01;7.474070e-01;9.391311e-01;1.047354e+00;1.221071e+00;1.129362e+00;1.159519e+00;1.363862e+00;1.118776e+00;1.000539e+00;1.123823e+00;8.317202e-01;5.729068e-01;6.272900e-01;5.236308e-01;7.395138e-02;1.011125e-02;4.306641e+01;8.613281e+01;3.014648e+02;4.737305e+02;2.942841e-01;2.178547e+02;2.765950e+00;1.513275e+05;1.944698e+01;7.840434e+02;-3.951175e-02;2.184449e-01;4.752894e-02;3.446828e+01;1.159818e+01;-1.593117e+00;-9.745711e+00;2.340227e+01;-7.940931e+00;-1.000660e+00;-8.571843e+00;8.839112e+00;2.143500e+01;1.454360e+01;4.267286e+00;-2.544060e+00;7.653763e+00;6.094739e-03;3.658749e-05;0;0;-1.070864e-03;7.440345e-02;-7.360631e-02;-4.857107e-02;-3.618057e-03;-1.612497e-03;-2.824917e-04;-2.978290e-02;-6.101535e-02;-4.218015e-02;-5.238522e-02;-4.760403e-02;-1.708034e-01;-1.598470e-01;-1.626627e-01;-1.336717e-01;-5.938297e-02;-1.697710e-02;-4.986572e-03;-4.349446e-03;-3.478014e-03;4.191963e-02;-5.128391e-02;-7.554115e-02;-8.347237e-02;-1.635710e-02;-1.844073e-02;-5.616764e-02;-2.708510e-02;6.433338e-03;-1.058130e-02;-2.286273e-02;-4.954063e-02;-4.512903e-03;-1.579102e+01;-2.440430e+01;-6.890625e+01;-5.311523e+01;-2.295920e-02;-3.092882e+01;-1.936176e-01;1.777754e+03;3.143460e+00;1.571718e+02;1.168621e-02;-3.299097e-02;-3.942975e-02;-1.547808e+00;-3.394122e-01;2.916988e+00;2.720549e+00;1.125293e+00;-9.355240e-01;1.594073e+00;1.489779e+00;2.569527e+00;-1.278279e+00;-2.680694e+00;-1.076415e+00;2.245306e+00;2.490567e+00
'unknown';0.370000;5.938964e+01;7.935240e-01;0;1.188939e-02;8.964335e-02;7.981599e+00;5.959453e-01;7.480618e-01;2.897944e-02;8.440414e-03;1.394255e-01;1.733870e-01;2.962637e-01;3.569819e-01;3.865374e-01;4.299489e-01;4.865700e-01;5.795079e-01;9.177607e-01;9.837196e-01;8.246107e-01;6.916437e-01;7.572269e-01;9.279370e-01;1.044093e+00;1.296909e+00;1.069756e+00;1.111549e+00;1.293601e+00;1.114210e+00;9.879603e-01;1.066294e+00;8.228920e-01;5.802614e-01;6.101334e-01;5.004250e-01;6.136535e-02;5.978345e-03;4.306641e+01;8.613281e+01;2.153320e+02;4.019531e+02;2.289860e-01;1.843009e+02;2.625296e+00;1.298598e+05;2.325054e+01;1.034734e+03;-4.060892e-02;1.851973e-01;4.080110e-02;3.439252e+01;1.176361e+01;2.646634e+00;-6.907164e+00;2.426108e+01;-8.246358e+00;1.218179e+00;-7.311934e+00;1.314726e+01;1.723040e+01;1.179837e+01;1.869101e+00;-3.003895e+00;7.956141e+00;-3.350524e-03;3.901388e-05;8.876064e-05;0;-8.267519e-04;6.381318e-03;-4.407011e-02;-3.729369e-02;-1.798655e-03;-8.440411e-04;-1.178530e-03;-1.866853e-02;-4.104811e-02;-3.966091e-02;-5.371173e-02;-4.372782e-02;-1.215105e-01;-1.068599e-01;-1.243767e-01;-1.836701e-01;-6.805795e-02;1.357521e-02;8.719767e-03;-7.568663e-03;-1.095556e-02;3.967869e-02;-2.860560e-02;-2.519693e-02;-5.747291e-02;5.527043e-03;-2.129033e-02;-4.174118e-02;4.977823e-04;3.440917e-03;-2.418319e-02;-2.159001e-02;-2.650606e-02;-3.290330e-03;-2.871094e+00;-1.148438e+01;-6.172852e+01;-6.459961e+01;-3.346531e-02;-2.622278e+01;-1.941960e-01;-7.030802e+03;3.170488e+00;1.887188e+02;4.174612e-03;-2.754506e-02;-1.658832e-02;-8.488270e-01;-5.104874e-01;2.440832e+00;1.316099e+00;1.081495e+00;6.958325e-01;2.335737e+00;2.965847e+00;2.497493e+00;-3.215237e+00;-4.631161e+00;-6.895161e-01;1.061672e+00;2.034516e+00
'unknown';0.380000;5.780717e+01;7.980905e-01;1.010051e-01;0;5.611818e-02;8.146428e+00;5.627041e-01;7.186434e-01;2.918582e-02;8.062485e-03;1.369052e-01;1.658980e-01;2.768898e-01;3.200371e-01;3.282814e-01;3.892226e-01;4.113738e-01;5.203981e-01;8.182778e-01;7.537792e-01;7.534099e-01;7.331327e-01;7.693508e-01;9.156191e-01;1.021456e+00;1.343371e+00;1.053413e+00;1.115780e+00;1.247155e+00;1.125102e+00;9.611430e-01;1.039219e+00;8.513036e-01;5.840166e-01;5.727092e-01;4.774856e-01;4.107979e-02;3.616059e-03;4.306641e+01;8.613281e+01;1.722656e+02;3.158203e+02;2.162371e-01;1.595126e+02;2.428032e+00;1.223702e+05;2.685599e+01;1.272183e+03;-4.051190e-02;1.586689e-01;3.102925e-02;3.371846e+01;1.175662e+01;4.833186e+00;-6.531113e+00;2.698191e+01;-6.757689e+00;4.419149e+00;-2.274426e+00;1.760045e+01;8.897667e+00;-9.848887e-01;-1.672854e+00;-2.680658e+00;1.355902e+01;-6.968074e-03;2.677646e-05;1.224587e-04;8.660417e-05;-4.070523e-04;9.585257e-03;-2.597296e-02;-2.152529e-02;-5.793385e-06;0;6.114006e-04;-7.041666e-03;-1.953054e-02;-3.064475e-02;-4.839692e-02;-3.271077e-02;-5.362103e-02;-4.818961e-02;-6.479128e-02;-1.733184e-01;-6.279038e-02;2.576727e-02;2.175906e-02;-2.053624e-03;-1.537628e-02;1.271880e-02;1.059978e-02;2.081686e-02;-3.803134e-02;1.974571e-02;-2.161539e-02;-1.940214e-02;1.618692e-02;-2.175057e-03;-3.097675e-02;-1.719735e-02;-1.322030e-02;-1.841224e-03;0;-4.306641e+00;-5.311523e+01;-6.890625e+01;-3.229021e-02;-2.554651e+01;-2.202279e-01;-1.379895e+04;3.095475e+00;2.178337e+02;-2.076859e-03;-2.657348e-02;-7.365186e-03;-5.466095e-01;-1.518209e-01;1.810629e+00;3.254036e-01;8.216826e-01;1.641241e+00;2.990807e+00;3.164399e+00;2.405264e+00;-2.331828e+00;-4.237722e+00;1.413969e+00;8.652956e-01;4.843368e-01
'unknown';0.390000;5.661014e+01;8.019597e-01;0;1.010051e-01;1.784340e-02;1.039510e+01;5.533776e-01;7.085958e-01;3.061410e-02;8.440414e-03;1.382100e-01;1.666819e-01;2.746740e-01;2.957103e-01;2.810827e-01;3.627103e-01;4.081436e-01;5.116799e-01;8.063368e-01;5.953996e-01;7.010933e-01;7.788479e-01;7.942205e-01;9.250004e-01;1.010116e+00;1.323816e+00;1.090799e+00;1.169779e+00;1.226329e+00;1.165002e+00;9.305173e-01;1.024616e+00;8.732414e-01;5.746801e-01;5.329192e-01;4.618847e-01;3.018382e-02;3.275926e-03;4.306641e+01;7.177734e+01;1.148438e+02;2.296875e+02;1.762705e-01;1.318579e+02;2.120224e+00;1.037165e+05;2.897956e+01;1.430105e+03;-4.535058e-02;1.295361e-01;2.476797e-02;3.316374e+01;1.023098e+01;5.491973e+00;-8.530671e+00;2.701971e+01;-2.028454e+00;8.158751e+00;2.022579e+00;1.719205e+01;1.171145e+01;2.208183e+00;4.938954e+00;-6.235033e-01;9.817684e+00;-5.387825e-03;-4.639957e-07;-2.492563e-05;2.399812e-05;2.692428e-05;1.133926e-02;-2.041224e-02;-8.944171e-03;5.819335e-04;6.172837e-04;2.687378e-03;-1.635417e-03;-8.668765e-03;-2.053907e-02;-3.560515e-02;-1.813201e-02;-6.574309e-03;-9.340554e-03;-2.043440e-02;-1.199758e-01;-5.092083e-02;1.591740e-02;2.867408e-02;3.228259e-03;-1.327916e-02;-2.038693e-02;4.777135e-02;4.116533e-02;-2.848094e-02;1.585846e-02;-1.331311e-02;4.434478e-03;1.599308e-02;-5.937767e-03;-2.692618e-02;-8.128318e-03;-9.147492e-03;-9.126087e-04;0;-4.306641e+00;-3.445312e+01;-3.014648e+01;-1.738985e-02;-1.578077e+01;-1.729273e-01;-6.847236e+03;1.799288e+00;1.251970e+02;-4.400216e-04;-1.671771e-02;-5.762958e-03;-5.706085e-01;-9.360933e-02;5.957801e-01;-4.711914e-03;-6.009976e-01;9.662395e-01;2.751091e+00;2.019155e+00;1.018577e+00;5.172809e-01;-1.888336e+00;3.063657e+00;4.478774e-01;-6.909108e-01
'unknown';0.400000;5.698973e+01;7.970986e-01;7.483315e-02;0;5.992090e-02;1.139268e+01;5.240905e-01;7.082222e-01;3.173256e-02;9.952129e-03;1.456403e-01;1.685899e-01;2.701887e-01;2.823559e-01;2.514586e-01;3.509184e-01;4.308976e-01;5.206845e-01;8.194068e-01;5.157260e-01;6.556883e-01;7.806701e-01;8.377056e-01;9.303312e-01;9.874614e-01;1.271212e+00;1.171839e+00;1.234488e+00;1.207341e+00;1.192109e+00;9.211840e-01;1.047651e+00;8.874800e-01;5.648221e-01;5.110133e-01;4.569142e-01;2.344065e-02;2.256338e-03;4.306641e+01;7.177734e+01;8.613281e+01;2.153320e+02;1.591908e-01;1.163437e+02;1.917347e+00;9.540441e+04;3.205985e+01;1.675527e+03;-4.752522e-02;1.134081e-01;1.871957e-02;3.234962e+01;1.160538e+01;6.037357e+00;-7.306940e+00;2.613137e+01;-2.843678e+00;1.048309e+01;2.582896e+00;1.884303e+01;1.253534e+01;-1.849915e+00;9.802207e+00;5.922224e-01;9.144675e+00;-7.770492e-04;-1.008029e-05;-6.620662e-05;-7.086995e-05;2.486805e-04;7.634081e-03;-1.242579e-02;-1.159692e-03;-3.936401e-04;7.432600e-04;2.843019e-03;-9.420693e-04;-8.182210e-03;-1.242022e-02;-1.570395e-02;-1.923144e-04;1.094069e-02;5.692529e-03;-6.746000e-03;-5.351149e-02;-4.033113e-02;-9.186029e-03;3.101593e-02;1.224524e-02;3.516322e-03;-2.981153e-02;6.826168e-02;3.614541e-02;-2.775812e-02;-1.075493e-02;3.328115e-03;1.837015e-02;6.238979e-03;-3.198796e-03;-1.324248e-02;3.231049e-03;-3.308372e-03;-4.294944e-04;0;0;-1.148438e+01;2.153320e+01;-1.494541e-02;-2.890009e+00;-4.509626e-02;6.372859e+02;2.806776e-01;1.677837e+01;1.835177e-03;-3.112335e-03;-2.631317e-03;-3.943764e-01;-1.856461e-02;2.006407e-02;5.029438e-01;-2.356015e+00;-3.583344e-01;2.196335e+00;4.072157e-01;3.394224e-01;2.164966e+00;7.149518e-01;2.849835e+00;-5.706557e-01;-2.151928e+00
'unknown';0.410000;5.698592e+01;7.937766e-01;7.166200e-02;2.453640e-02;1.019984e-01;1.239096e+01;5.131909e-01;7.085516e-01;3.061574e-02;1.058201e-02;1.484949e-01;1.638639e-01;2.562704e-01;2.731271e-01;2.469230e-01;3.584410e-01;4.439366e-01;5.326620e-01;8.150241e-01;5.028675e-01;6.188674e-01;7.474620e-01;8.664200e-01;9.367222e-01;9.946950e-01;1.231054e+00;1.249400e+00;1.258022e+00;1.171103e+00;1.159999e+00;9.413743e-01;1.084251e+00;8.847691e-01;5.601698e-01;5.063505e-01;4.700692e-01;2.444746e-02;2.095162e-03;4.306641e+01;7.177734e+01;8.613281e+01;3.014648e+02;1.705599e-01;1.269815e+02;2.016002e+00;1.091065e+05;2.964505e+01;1.459047e+03;-3.930237e-02;1.242392e-01;1.814115e-02;3.222390e+01;1.137118e+01;5.023448e+00;-6.542810e+00;2.168136e+01;-5.372166e+00;1.194167e+01;3.551786e-01;1.761885e+01;1.799797e+01;2.789202e+00;1.144985e+01;-2.400948e+00;6.708759e+00;1.281404e-03;-9.746200e-06;-8.648593e-06;-1.385302e-04;3.163831e-04;1.555551e-03;-5.419040e-03;2.858877e-03;-2.066116e-03;6.298814e-04;-9.298995e-04;-1.506782e-03;-9.324615e-03;-6.437209e-03;5.552876e-03;1.758312e-02;1.477227e-02;1.184977e-02;-1.745051e-02;-3.252292e-03;-2.968848e-02;-2.629099e-02;2.485115e-02;2.028859e-02;2.701967e-02;-1.592524e-02;7.073075e-02;1.440954e-02;-2.743456e-02;-4.804308e-02;1.804876e-02;1.861293e-02;-4.142505e-03;7.748145e-03;1.412165e-03;1.187769e-02;2.844376e-04;-2.473386e-04;0;1.004883e+01;3.301758e+01;7.751953e+01;-6.955634e-03;1.914482e+01;1.481675e-01;1.787828e+04;-1.716995e+00;-1.454613e+02;6.014852e-03;1.975287e-02;2.139863e-05;-1.837585e-01;-2.921981e-01;-7.898616e-01;-1.608579e-01;-3.586500e+00;-1.165924e+00;1.137928e+00;-4.047497e-01;3.085695e-01;1.537202e+00;8.397568e-01;6.885778e-01;-1.051637e+00;-1.959740e+00
'unknown';0.420000;5.720395e+01;7.967690e-01;6.531970e-02;2.453640e-02;1.488255e-01;1.130525e+01;5.206684e-01;7.128671e-01;2.721680e-02;1.070799e-02;1.459779e-01;1.625966e-01;2.451806e-01;2.692276e-01;2.668415e-01;3.903957e-01;4.481808e-01;5.383697e-01;7.802041e-01;5.324878e-01;5.928672e-01;7.028955e-01;8.883308e-01;9.709845e-01;1.046749e+00;1.240694e+00;1.315421e+00;1.252386e+00;1.135977e+00;1.073829e+00;9.723551e-01;1.101253e+00;8.767347e-01;5.752778e-01;5.197812e-01;4.895487e-01;2.740611e-02;2.058969e-03;4.306641e+01;8.613281e+01;1.291992e+02;3.875977e+02;1.443654e-01;1.475007e+02;2.254662e+00;1.228616e+05;2.792663e+01;1.341603e+03;-3.436012e-02;1.457557e-01;2.118608e-02;3.221650e+01;1.109370e+01;5.167768e+00;-5.010325e+00;1.787101e+01;-6.877505e+00;1.350937e+01;5.953524e-01;1.908417e+01;1.657924e+01;2.299361e+00;9.320868e+00;-4.645215e+00;4.353841e+00;5.777375e-04;2.075769e-06;-2.247051e-05;0;1.979175e-04;-1.105754e-03;-1.465440e-03;5.725658e-03;-3.155302e-03;4.157217e-04;-6.714617e-03;-1.270223e-03;-9.279733e-03;-1.310828e-03;2.369777e-02;2.814808e-02;2.112926e-02;1.651932e-02;-2.709522e-02;2.934213e-02;-1.803734e-02;-2.942161e-02;1.579608e-02;2.412931e-02;4.636744e-02;4.619920e-03;6.602241e-02;1.113570e-03;-1.490206e-02;-6.527776e-02;2.208119e-02;-1.763892e-03;-1.752769e-02;1.960895e-02;9.935337e-03;1.295802e-02;1.164977e-03;-4.093612e-05;0;1.291992e+01;5.167969e+01;8.326172e+01;-4.785070e-03;2.729655e+01;2.252504e-01;2.450830e+04;-2.270281e+00;-1.982670e+02;7.284465e-03;2.824694e-02;9.266660e-04;1.126289e-02;-7.441975e-01;-6.733785e-01;-1.378621e+00;-3.564012e+00;1.612118e-01;-1.376126e-01;-4.659560e-01;2.263527e-01;4.133194e-01;1.808807e+00;-7.933998e-02;-1.712979e-01;-2.089891e+00
'unknown';0.430000;5.694670e+01;7.997484e-01;1.187468e-01;0;2.007647e-01;8.807256e+00;5.279934e-01;7.205678e-01;2.254140e-02;1.121189e-02;1.333917e-01;1.621446e-01;2.405550e-01;2.700884e-01;3.011557e-01;4.308873e-01;4.733633e-01;5.620862e-01;7.386856e-01;5.707572e-01;5.840614e-01;6.862803e-01;8.931637e-01;1.006117e+00;1.115571e+00;1.259449e+00;1.372662e+00;1.232878e+00;1.124838e+00;9.839265e-01;9.951755e-01;1.090880e+00;8.579016e-01;6.081930e-01;5.355961e-01;5.049559e-01;2.962328e-02;2.137918e-03;4.306641e+01;1.148438e+02;2.583984e+02;5.311523e+02;1.489050e-01;2.120035e+02;2.692405e+00;1.793793e+05;2.246120e+01;8.697599e+02;-2.185886e-02;2.121267e-01;2.364171e-02;3.231151e+01;9.025837e+00;1.977460e+00;-1.048327e+01;1.321739e+01;-5.841160e+00;1.233525e+01;9.926021e-01;1.861433e+01;1.737551e+01;4.332329e+00;8.622512e+00;-3.262971e+00;2.414403e+00;3.808500e-04;5.204159e-06;-1.098234e-05;0;8.038987e-05;-1.855907e-03;-1.128524e-02;6.326067e-03;-2.677243e-03;4.787102e-04;-1.010577e-02;3.420278e-04;-9.028733e-03;4.131270e-03;2.972165e-02;2.243026e-02;3.166399e-02;1.888596e-02;-3.281555e-02;4.159206e-02;-1.137028e-02;-2.852750e-02;1.169934e-02;1.440072e-02;3.864712e-02;1.215757e-02;6.652553e-02;9.099806e-03;3.184366e-03;-5.108274e-02;1.438302e-02;-2.508236e-02;-2.685086e-02;2.310366e-02;1.058308e-02;6.790647e-03;-1.254905e-03;-1.202131e-04;0;1.148438e+01;3.875977e+01;3.014648e+01;-1.502775e-03;1.701492e+01;1.222107e-01;1.705666e+04;-6.596559e-01;-7.990221e+01;4.936239e-03;1.760531e-02;-1.173704e-03;-2.703857e-01;-3.448958e-01;4.917510e-01;-1.356774e+00;-2.093435e+00;1.390990e+00;-1.967716e-01;-9.802949e-02;6.749552e-01;-6.369487e-01;-8.002196e-02;3.707617e-01;5.182588e-01;-1.115684e+00
'unknown';0.440000;5.702332e+01;8.014655e-01;0;1.187468e-01;2.267343e-01;7.561800e+00;5.093620e-01;7.308424e-01;1.999322e-02;1.171580e-02;1.196188e-01;1.630985e-01;2.316478e-01;2.773211e-01;3.428312e-01;4.554356e-01;5.218305e-01;5.885690e-01;7.221000e-01;6.284918e-01;5.829046e-01;6.641529e-01;9.033141e-01;1.016281e+00;1.158861e+00;1.280115e+00;1.440320e+00;1.252628e+00;1.155963e+00;9.537559e-01;1.004689e+00;1.035517e+00;8.132753e-01;6.388553e-01;5.460672e-01;5.042609e-01;2.667762e-02;2.030280e-03;4.306641e+01;1.148438e+02;2.583984e+02;5.167969e+02;1.460929e-01;2.103154e+02;2.705398e+00;1.828095e+05;2.430037e+01;9.788354e+02;-1.982464e-02;2.106990e-01;2.060262e-02;3.236213e+01;9.057069e+00;4.193459e+00;-1.222982e+01;1.254330e+01;-1.803122e+00;9.598232e+00;-6.559563e-02;1.947706e+01;1.491317e+01;6.422554e+00;1.081918e+01;1.667443e-01;8.423988e-01;0;0;0;0;0;0;-1.820765e-02;4.728085e-03;-1.445105e-03;4.787104e-04;-9.174488e-03;4.933908e-04;-1.134813e-02;9.060979e-03;2.234553e-02;2.704546e-03;3.434965e-02;1.377062e-02;-3.983254e-02;3.554233e-02;-1.329792e-02;-3.405312e-02;9.739417e-03;-8.857334e-03;9.780896e-03;3.764331e-03;6.140523e-02;2.754164e-02;1.414446e-02;-2.428317e-02;2.935118e-03;-3.468735e-02;-2.575919e-02;1.367477e-02;6.009370e-03;3.120005e-05;-3.947032e-03;-2.568530e-04;0;0;-1.291992e+01;-2.871094e+01;3.136097e-03;-7.183305e+00;-7.869668e-02;-7.124016e+02;1.107828e+00;5.284734e+01;1.986702e-03;-7.495451e-03;-3.889477e-03;-7.055170e-01;3.644629e-01;1.571157e+00;-3.074597e-01;-1.047986e+00;1.326937e+00;4.912816e-01;1.516655e-01;8.745726e-01;-9.135561e-02;-3.672355e-01;2.047040e+00;4.211340e-01;4.571084e-01
'unknown';0.440000;5.686984e+01;7.992104e-01;0;1.187468e-01;2.267343e-01;7.514597e+00;4.624179e-01;7.311943e-01;2.084132e-02;1.247166e-02;1.111456e-01;1.653231e-01;2.178931e-01;2.897367e-01;3.575365e-01;4.380723e-01;5.654317e-01;6.019921e-01;6.799985e-01;6.628258e-01;5.669973e-01;6.241958e-01;9.174250e-01;9.860778e-01;1.131875e+00;1.272132e+00;1.519577e+00;1.303400e+00;1.177032e+00;9.646215e-01;9.971223e-01;9.917070e-01;7.822445e-01;6.438994e-01;5.461228e-01;4.966663e-01;1.853718e-02;1.508441e-03;4.306641e+01;1.148438e+02;2.153320e+02;3.875977e+02;1.621823e-01;1.806488e+02;2.401687e+00;1.644159e+05;2.815990e+01;1.240920e+03;-2.188891e-02;1.797941e-01;1.256436e-02;3.079915e+01;1.066502e+01;7.969358e+00;-9.716931e+00;1.387804e+01;-9.544076e-01;1.291338e+01;1.955051e-01;2.079718e+01;1.564626e+01;3.274952e-01;1.255451e+01;-2.215633e+00;2.886061e+00;1.271671e-04;2.838166e-06;0;0;4.271312e-05;-2.040059e-03;-1.780950e-02;2.160484e-03;-2.552068e-04;3.275389e-04;-3.693721e-03;5.332723e-04;-1.247792e-02;1.175200e-02;5.086666e-03;-1.828552e-02;2.078426e-02;4.824877e-04;-5.203273e-02;9.372950e-03;-2.179740e-02;-4.338092e-02;1.324350e-02;-2.541935e-02;-1.414945e-02;-5.703080e-03;4.285426e-02;4.019997e-02;6.083620e-03;-5.543476e-03;-3.195393e-03;-2.472842e-02;-7.474130e-03;-3.048450e-03;2.965641e-03;-1.324323e-03;-4.900227e-03;-3.569610e-04;0;-8.613281e+00;-5.167969e+01;-7.751953e+01;-1.302102e-03;-2.732932e+01;-2.251465e-01;-1.880911e+04;2.728496e+00;1.942520e+02;-1.446650e-03;-2.827922e-02;-5.018576e-03;-9.337416e-01;1.076022e+00;2.499254e+00;1.720559e+00;-3.719518e-01;-7.591604e-02;2.042597e+00;1.486342e+00;7.693512e-01;-3.127200e-01;-2.167444e+00;2.016787e+00;1.613140e-01;1.680423e+00
